local_time;framerate;scene_events;timer;head_pos_x;head_pos_y;head_pos_z;head_ori_x;head_ori_y;head_ori_z;gaze_hemi_x;gaze_hemi_y;gaze_world_x;gaze_world_y;gazeConf;ctrlR_pos_x;ctrlR_pos_y;ctrlR_pos_z;ctrlR_rot_x;ctrlR_rot_y;ctrlR_rot_z;ctrl_event;last_bun_name;last_bun_x;last_bun_y;last_bun_z;imageset_id;imageset_order;obj_id;obj_pos_x;obj_pos_y;obj_pos_z;gaze_obj_x;gaze_obj_y;gaze_obj_z;
10/23/2018 8:43:26 AM;0;-0.3;2.28;-1.32;0;0;0;NaN;NaN;NaN;NaN;NaN
10/23/2018 8:43:26 AM;31;-0.3;2.28;-1.32;0;0;0;NaN;NaN;NaN;NaN;NaN
10/23/2018 8:43:27 AM;0;-0.3;2.28;-1.32;0;0;0;NaN;NaN;NaN;NaN;NaN
10/23/2018 8:43:27 AM;12;-0.3;2.28;-1.32;0;0;0;NaN;NaN;NaN;NaN;NaN
10/23/2018 8:43:27 AM;22;-0.3;2.28;-1.32;0;0;0;NaN;NaN;NaN;NaN;NaN
10/23/2018 8:43:27 AM;18;-0.3;2.28;-1.32;0;0;0;NaN;NaN;NaN;NaN;NaN
10/23/2018 8:43:28 AM;26;-0.3;2.28;-1.32;0;0;0;NaN;NaN;NaN;NaN;NaN
10/23/2018 8:43:28 AM;35;-0.3;2.28;-1.32;0;0;0;NaN;NaN;NaN;NaN;NaN
10/23/2018 8:43:28 AM;31;-0.3;2.28;-1.32;0;0;0;NaN;NaN;NaN;NaN;NaN
10/23/2018 8:43:28 AM;36;-0.3;2.28;-1.32;0;0;0;NaN;NaN;NaN;NaN;NaN
10/23/2018 8:43:28 AM;31;-0.3;2.28;-1.32;0;0;0;NaN;NaN;NaN;NaN;NaN
10/23/2018 8:43:28 AM;37;-0.3;2.28;-1.32;0;0;0;NaN;NaN;NaN;NaN;NaN
10/23/2018 8:43:28 AM;35;-0.3;2.28;-1.32;0;0;0;NaN;NaN;NaN;NaN;NaN
10/23/2018 8:43:28 AM;35;-0.3;2.28;-1.32;0;0;0;NaN;NaN;NaN;NaN;NaN
10/23/2018 8:43:28 AM;35;-0.3;2.28;-1.32;0;0;0;NaN;NaN;NaN;NaN;NaN
10/23/2018 8:43:28 AM;37;-0.3;2.28;-1.32;0;0;0;NaN;NaN;NaN;NaN;NaN
10/23/2018 8:43:28 AM;35;-0.3;2.28;-1.32;0;0;0;NaN;NaN;NaN;NaN;NaN
10/23/2018 8:43:28 AM;26;-0.3;2.28;-1.32;0;0;0;NaN;NaN;NaN;NaN;NaN
10/23/2018 8:43:28 AM;34;-0.3;2.28;-1.32;0;0;0;NaN;NaN;NaN;NaN;NaN
10/23/2018 8:43:28 AM;31;-0.3;2.28;-1.32;0;0;0;NaN;NaN;NaN;NaN;NaN
10/23/2018 8:43:28 AM;32;-0.3;2.28;-1.32;0;0;0;NaN;NaN;NaN;NaN;NaN
10/23/2018 8:43:28 AM;33;-0.3;2.28;-1.32;0;0;0;NaN;NaN;NaN;NaN;NaN
10/23/2018 8:43:28 AM;34;-0.3;2.28;-1.32;0;0;0;NaN;NaN;NaN;NaN;NaN
10/23/2018 8:43:28 AM;38;-0.3;2.28;-1.32;0;0;0;NaN;NaN;NaN;NaN;NaN
10/23/2018 8:43:28 AM;36;-0.3;2.28;-1.32;0;0;0;NaN;NaN;NaN;NaN;NaN
10/23/2018 8:43:28 AM;35;-0.3;2.28;-1.32;0;0;0;NaN;NaN;NaN;NaN;NaN
10/23/2018 8:43:28 AM;34;-0.3;2.28;-1.32;0;0;0;NaN;NaN;NaN;NaN;NaN
10/23/2018 8:43:28 AM;37;-0.3;2.28;-1.32;0;0;0;NaN;NaN;NaN;NaN;NaN
10/23/2018 8:43:28 AM;34;-0.3;2.28;-1.32;0;0;0;NaN;NaN;NaN;NaN;NaN
10/23/2018 8:43:28 AM;35;-0.3;2.28;-1.32;0;0;0;NaN;NaN;NaN;NaN;NaN
10/23/2018 8:43:28 AM;37;-0.3;2.28;-1.32;0;0;0;NaN;NaN;NaN;NaN;NaN
10/23/2018 8:43:28 AM;32;-0.3;2.28;-1.32;0;0;0;NaN;NaN;NaN;NaN;NaN
10/23/2018 8:43:28 AM;37;-0.3;2.28;-1.32;0;0;0;NaN;NaN;NaN;NaN;NaN
10/23/2018 8:43:28 AM;37;-0.3;2.28;-1.32;0;0;0;NaN;NaN;NaN;NaN;NaN
10/23/2018 8:43:28 AM;38;-0.3;2.28;-1.32;0;0;0;NaN;NaN;NaN;NaN;NaN
10/23/2018 8:43:28 AM;26;-0.3;2.28;-1.32;0;0;0;NaN;NaN;NaN;NaN;NaN
10/23/2018 8:43:28 AM;35;-0.3;2.28;-1.32;0;0;0;NaN;NaN;NaN;NaN;NaN
10/23/2018 8:43:28 AM;35;-0.3;2.28;-1.32;0;0;0;NaN;NaN;NaN;NaN;NaN
10/23/2018 8:43:28 AM;36;-0.3;2.28;-1.32;0;0;0;NaN;NaN;NaN;NaN;NaN
10/23/2018 8:43:28 AM;34;-0.3;2.28;-1.32;0;0;0;NaN;NaN;NaN;NaN;NaN
10/23/2018 8:43:28 AM;29;-0.3;2.28;-1.32;0;0;0;NaN;NaN;NaN;NaN;NaN
10/23/2018 8:43:29 AM;30;-0.3;2.28;-1.32;0;0;0;NaN;NaN;NaN;NaN;NaN
10/23/2018 8:43:29 AM;35;-0.3;2.28;-1.32;0;0;0;NaN;NaN;NaN;NaN;NaN
10/23/2018 8:43:29 AM;36;-0.3;2.28;-1.32;0;0;0;NaN;NaN;NaN;NaN;NaN
10/23/2018 8:43:29 AM;37;-0.3;2.28;-1.32;0;0;0;NaN;NaN;NaN;NaN;NaN
10/23/2018 8:43:29 AM;34;-0.3;2.28;-1.32;0;0;0;NaN;NaN;NaN;NaN;NaN
10/23/2018 8:43:29 AM;35;-0.3;2.28;-1.32;0;0;0;NaN;NaN;NaN;NaN;NaN
10/23/2018 8:43:29 AM;35;-0.3;2.28;-1.32;0;0;0;NaN;NaN;NaN;NaN;NaN
10/23/2018 8:43:29 AM;33;-0.3;2.28;-1.32;0;0;0;NaN;NaN;NaN;NaN;NaN
10/23/2018 8:43:29 AM;35;-0.3;2.28;-1.32;0;0;0;NaN;NaN;NaN;NaN;NaN
10/23/2018 8:43:29 AM;35;-0.3;2.28;-1.32;0;0;0;NaN;NaN;NaN;NaN;NaN
10/23/2018 8:43:29 AM;36;-0.3;2.28;-1.32;0;0;0;NaN;NaN;NaN;NaN;NaN
10/23/2018 8:43:29 AM;25;-0.3;2.28;-1.32;0;0;0;NaN;NaN;NaN;NaN;NaN
10/23/2018 8:43:29 AM;36;-0.3;2.28;-1.32;0;0;0;NaN;NaN;NaN;NaN;NaN
10/23/2018 8:43:29 AM;36;-0.3;2.28;-1.32;0;0;0;NaN;NaN;NaN;NaN;NaN
10/23/2018 8:43:29 AM;35;-0.3;2.28;-1.32;0;0;0;NaN;NaN;NaN;NaN;NaN
10/23/2018 8:43:29 AM;12;-0.3;2.28;-1.32;0;0;0;NaN;NaN;NaN;NaN;NaN
10/23/2018 8:43:29 AM;30;-0.3;2.28;-1.32;0;0;0;NaN;NaN;NaN;NaN;NaN
10/23/2018 8:43:29 AM;37;-0.3;2.28;-1.32;0;0;0;NaN;NaN;NaN;NaN;NaN
10/23/2018 8:43:29 AM;35;-0.3;2.28;-1.32;0;0;0;NaN;NaN;NaN;NaN;NaN
10/23/2018 8:43:29 AM;36;-0.3;2.28;-1.32;0;0;0;NaN;NaN;NaN;NaN;NaN
10/23/2018 8:43:29 AM;37;-0.3;2.28;-1.32;0;0;0;NaN;NaN;NaN;NaN;NaN
10/23/2018 8:43:29 AM;35;-0.3;2.28;-1.32;0;0;0;NaN;NaN;NaN;NaN;NaN
10/23/2018 8:43:29 AM;34;-0.3;2.28;-1.32;0;0;0;NaN;NaN;NaN;NaN;NaN
10/23/2018 8:43:29 AM;37;-0.3;2.28;-1.32;0;0;0;NaN;NaN;NaN;NaN;NaN
10/23/2018 8:43:29 AM;36;-0.3;2.28;-1.32;0;0;0;NaN;NaN;NaN;NaN;NaN
10/23/2018 8:43:29 AM;38;-0.3;2.28;-1.32;0;0;0;NaN;NaN;NaN;NaN;NaN
10/23/2018 8:43:29 AM;35;-0.3;2.28;-1.32;0;0;0;NaN;NaN;NaN;NaN;NaN
10/23/2018 8:43:29 AM;37;-0.3;2.28;-1.32;0;0;0;NaN;NaN;NaN;NaN;NaN
10/23/2018 8:43:29 AM;27;-0.3;2.28;-1.32;0;0;0;NaN;NaN;NaN;NaN;NaN
10/23/2018 8:43:29 AM;32;-0.3;2.28;-1.32;0;0;0;NaN;NaN;NaN;NaN;NaN
10/23/2018 8:43:29 AM;37;-0.3;2.28;-1.32;0;0;0;NaN;NaN;NaN;NaN;NaN
10/23/2018 8:43:29 AM;32;-0.3;2.28;-1.32;0;0;0;NaN;NaN;NaN;NaN;NaN
10/23/2018 8:43:30 AM;34;-0.3;2.28;-1.32;0;0;0;NaN;NaN;NaN;NaN;NaN
10/23/2018 8:43:30 AM;33;-0.3;2.28;-1.32;0;0;0;NaN;NaN;NaN;NaN;NaN
10/23/2018 8:43:30 AM;36;-0.3;2.28;-1.32;0;0;0;NaN;NaN;NaN;NaN;NaN
10/23/2018 8:43:30 AM;35;-0.3;2.28;-1.32;0;0;0;NaN;NaN;NaN;NaN;NaN
10/23/2018 8:43:30 AM;35;-0.3;2.28;-1.32;0;0;0;NaN;NaN;NaN;NaN;NaN
10/23/2018 8:43:30 AM;36;-0.3;2.28;-1.32;0;0;0;NaN;NaN;NaN;NaN;NaN
10/23/2018 8:43:30 AM;34;-0.3;2.28;-1.32;0;0;0;NaN;NaN;NaN;NaN;NaN
10/23/2018 8:43:30 AM;35;-0.3;2.28;-1.32;0;0;0;NaN;NaN;NaN;NaN;NaN
10/23/2018 8:43:30 AM;35;-0.3;2.28;-1.32;0;0;0;NaN;NaN;NaN;NaN;NaN
10/23/2018 8:43:30 AM;37;-0.3;2.28;-1.32;0;0;0;NaN;NaN;NaN;NaN;NaN
10/23/2018 8:43:30 AM;35;-0.3;2.28;-1.32;0;0;0;NaN;NaN;NaN;NaN;NaN
10/23/2018 8:43:30 AM;15;-0.3;2.28;-1.32;0;0;0;NaN;NaN;NaN;NaN;NaN
10/23/2018 8:43:30 AM;31;-0.3;2.28;-1.32;0;0;0;NaN;NaN;NaN;NaN;NaN
10/23/2018 8:43:30 AM;37;-0.3;2.28;-1.32;0;0;0;NaN;NaN;NaN;NaN;NaN
10/23/2018 8:43:30 AM;35;-0.3;2.28;-1.32;0;0;0;NaN;NaN;NaN;NaN;NaN
10/23/2018 8:43:30 AM;36;-0.3;2.28;-1.32;0;0;0;NaN;NaN;NaN;NaN;NaN
10/23/2018 8:43:30 AM;35;-0.3;2.28;-1.32;0;0;0;NaN;NaN;NaN;NaN;NaN
10/23/2018 8:43:30 AM;35;-0.3;2.28;-1.32;0;0;0;NaN;NaN;NaN;NaN;NaN
10/23/2018 8:43:30 AM;36;-0.3;2.28;-1.32;0;0;0;NaN;NaN;NaN;NaN;NaN
10/23/2018 8:43:30 AM;36;-0.3;2.28;-1.32;0;0;0;NaN;NaN;NaN;NaN;NaN
10/23/2018 8:43:30 AM;35;-0.3;2.28;-1.32;0;0;0;NaN;NaN;NaN;NaN;NaN
10/23/2018 8:43:30 AM;38;-0.3;2.28;-1.32;0;0;0;NaN;NaN;NaN;NaN;NaN
10/23/2018 8:43:30 AM;34;-0.3;2.28;-1.32;0;0;0;NaN;NaN;NaN;NaN;NaN
10/23/2018 8:43:30 AM;36;-0.3;2.28;-1.32;0;0;0;NaN;NaN;NaN;NaN;NaN
10/23/2018 8:43:30 AM;36;-0.3;2.28;-1.32;0;0;0;NaN;NaN;NaN;NaN;NaN
10/23/2018 8:43:30 AM;37;-0.3;2.28;-1.32;0;0;0;NaN;NaN;NaN;NaN;NaN
10/23/2018 8:43:30 AM;36;-0.3;2.28;-1.32;0;0;0;NaN;NaN;NaN;NaN;NaN
10/23/2018 8:43:30 AM;37;-0.3;2.28;-1.32;0;0;0;NaN;NaN;NaN;NaN;NaN
10/23/2018 8:43:30 AM;36;-0.3;2.28;-1.32;0;0;0;NaN;NaN;NaN;NaN;NaN
10/23/2018 8:43:30 AM;27;-0.3;2.28;-1.32;0;0;0;NaN;NaN;NaN;NaN;NaN
10/23/2018 8:43:30 AM;35;-0.3;2.28;-1.32;0;0;0;NaN;NaN;NaN;NaN;NaN
10/23/2018 8:43:30 AM;37;-0.3;2.28;-1.32;0;0;0;NaN;NaN;NaN;NaN;NaN
10/23/2018 8:43:30 AM;37;-0.3;2.28;-1.32;0;0;0;NaN;NaN;NaN;NaN;NaN
10/23/2018 8:43:30 AM;34;-0.3;2.28;-1.32;0;0;0;NaN;NaN;NaN;NaN;NaN
10/23/2018 8:43:30 AM;34;-0.3;2.28;-1.32;0;0;0;NaN;NaN;NaN;NaN;NaN
10/23/2018 8:43:31 AM;34;-0.3;2.28;-1.32;0;0;0;NaN;NaN;NaN;NaN;NaN
10/23/2018 8:43:31 AM;34;-0.3;2.28;-1.32;0;0;0;NaN;NaN;NaN;NaN;NaN
10/23/2018 8:43:31 AM;33;-0.3;2.28;-1.32;0;0;0;NaN;NaN;NaN;NaN;NaN
10/23/2018 8:43:31 AM;30;-0.3;2.28;-1.32;0;0;0;NaN;NaN;NaN;NaN;NaN
10/23/2018 8:43:31 AM;34;-0.3;2.28;-1.32;0;0;0;NaN;NaN;NaN;NaN;NaN
10/23/2018 8:43:31 AM;32;-0.3;2.28;-1.32;0;0;0;NaN;NaN;NaN;NaN;NaN
10/23/2018 8:43:31 AM;33;-0.3;2.28;-1.32;0;0;0;NaN;NaN;NaN;NaN;NaN
10/23/2018 8:43:31 AM;32;-0.3;2.28;-1.32;0;0;0;NaN;NaN;NaN;NaN;NaN
10/23/2018 8:43:31 AM;26;-0.3;2.28;-1.32;0;0;0;NaN;NaN;NaN;NaN;NaN
10/23/2018 8:43:31 AM;17;-0.3;2.28;-1.32;0;0;0;NaN;NaN;NaN;NaN;NaN
10/23/2018 8:43:31 AM;27;-0.3;2.28;-1.32;0;0;0;NaN;NaN;NaN;NaN;NaN
10/23/2018 8:43:31 AM;32;-0.3;2.28;-1.32;0;0;0;NaN;NaN;NaN;NaN;NaN
10/23/2018 8:43:31 AM;33;-0.3;2.28;-1.32;0;0;0;NaN;NaN;NaN;NaN;NaN
10/23/2018 8:43:31 AM;34;-0.3;2.28;-1.32;0;0;0;NaN;NaN;NaN;NaN;NaN
10/23/2018 8:43:31 AM;35;-0.3;2.28;-1.32;0;0;0;NaN;NaN;NaN;NaN;NaN
10/23/2018 8:43:31 AM;38;-0.3;2.28;-1.32;0;0;0;NaN;NaN;NaN;NaN;NaN
10/23/2018 8:43:31 AM;34;-0.3;2.28;-1.32;0;0;0;NaN;NaN;NaN;NaN;NaN
10/23/2018 8:43:31 AM;36;-0.3;2.28;-1.32;0;0;0;NaN;NaN;NaN;NaN;NaN
10/23/2018 8:43:31 AM;34;-0.3;2.28;-1.32;0;0;0;NaN;NaN;NaN;NaN;NaN
10/23/2018 8:43:31 AM;31;-0.3;2.28;-1.32;0;0;0;NaN;NaN;NaN;NaN;NaN
10/23/2018 8:43:31 AM;34;-0.3;2.28;-1.32;0;0;0;NaN;NaN;NaN;NaN;NaN
10/23/2018 8:43:31 AM;32;-0.3;2.28;-1.32;0;0;0;NaN;NaN;NaN;NaN;NaN
10/23/2018 8:43:31 AM;31;-0.3;2.28;-1.32;0;0;0;NaN;NaN;NaN;NaN;NaN
10/23/2018 8:43:31 AM;32;-0.3;2.28;-1.32;0;0;0;NaN;NaN;NaN;NaN;NaN
10/23/2018 8:43:31 AM;31;-0.3;2.28;-1.32;0;0;0;NaN;NaN;NaN;NaN;NaN
10/23/2018 8:43:31 AM;25;-0.3;2.28;-1.32;0;0;0;NaN;NaN;NaN;NaN;NaN
10/23/2018 8:43:31 AM;32;-0.3;2.28;-1.32;0;0;0;NaN;NaN;NaN;NaN;NaN
10/23/2018 8:43:31 AM;30;-0.3;2.28;-1.32;0;0;0;NaN;NaN;NaN;NaN;NaN
10/23/2018 8:43:31 AM;31;-0.3;2.28;-1.32;0;0;0;NaN;NaN;NaN;NaN;NaN
10/23/2018 8:43:31 AM;32;-0.3;2.28;-1.32;0;0;0;NaN;NaN;NaN;NaN;NaN
10/23/2018 8:43:31 AM;31;-0.3;2.28;-1.32;0;0;0;NaN;NaN;NaN;NaN;NaN
10/23/2018 8:43:32 AM;24;-0.3;2.28;-1.32;0;0;0;NaN;NaN;NaN;NaN;NaN
10/23/2018 8:43:32 AM;28;-0.3;2.28;-1.32;0;0;0;NaN;NaN;NaN;NaN;NaN
10/23/2018 8:43:32 AM;30;-0.3;2.28;-1.32;0;0;0;NaN;NaN;NaN;NaN;NaN
10/23/2018 8:43:32 AM;32;-0.3;2.28;-1.32;0;0;0;NaN;NaN;NaN;NaN;NaN
10/23/2018 8:43:32 AM;31;-0.3;2.28;-1.32;0;0;0;NaN;NaN;NaN;NaN;NaN
10/23/2018 8:43:32 AM;32;-0.3;2.28;-1.32;0;0;0;NaN;NaN;NaN;NaN;NaN
10/23/2018 8:43:32 AM;34;-0.3;2.28;-1.32;0;0;0;NaN;NaN;NaN;NaN;NaN
10/23/2018 8:43:32 AM;31;-0.3;2.28;-1.32;0;0;0;NaN;NaN;NaN;NaN;NaN
10/23/2018 8:43:32 AM;15;-0.3;2.28;-1.32;0;0;0;NaN;NaN;NaN;NaN;NaN
10/23/2018 8:43:32 AM;30;-0.3;2.28;-1.32;0;0;0;NaN;NaN;NaN;NaN;NaN
10/23/2018 8:43:32 AM;37;-0.3;2.28;-1.32;0;0;0;NaN;NaN;NaN;NaN;NaN
10/23/2018 8:43:32 AM;37;-0.3;2.28;-1.32;0;0;0;NaN;NaN;NaN;NaN;NaN
10/23/2018 8:43:32 AM;36;-0.3;2.28;-1.32;0;0;0;NaN;NaN;NaN;NaN;NaN
10/23/2018 8:43:32 AM;29;-0.3;2.28;-1.32;0;0;0;NaN;NaN;NaN;NaN;NaN
10/23/2018 8:43:32 AM;33;-0.3;2.28;-1.32;0;0;0;NaN;NaN;NaN;NaN;NaN
10/23/2018 8:43:32 AM;32;-0.3;2.28;-1.32;0;0;0;NaN;NaN;NaN;NaN;NaN
10/23/2018 8:43:32 AM;36;-0.3;2.28;-1.32;0;0;0;NaN;NaN;NaN;NaN;NaN
10/23/2018 8:43:32 AM;32;-0.3;2.28;-1.32;0;0;0;NaN;NaN;NaN;NaN;NaN
10/23/2018 8:43:32 AM;32;-0.3;2.28;-1.32;0;0;0;NaN;NaN;NaN;NaN;NaN
10/23/2018 8:43:32 AM;32;-0.3;2.28;-1.32;0;0;0;NaN;NaN;NaN;NaN;NaN
10/23/2018 8:43:32 AM;33;-0.3;2.28;-1.32;0;0;0;NaN;NaN;NaN;NaN;NaN
10/23/2018 8:43:32 AM;34;-0.3;2.28;-1.32;0;0;0;NaN;NaN;NaN;NaN;NaN
10/23/2018 8:43:32 AM;37;-0.3;2.28;-1.32;0;0;0;NaN;NaN;NaN;NaN;NaN
10/23/2018 8:43:32 AM;36;-0.3;2.28;-1.32;0;0;0;NaN;NaN;NaN;NaN;NaN
10/23/2018 8:43:32 AM;36;-0.3;2.28;-1.32;0;0;0;NaN;NaN;NaN;NaN;NaN
10/23/2018 8:43:32 AM;21;-0.3;2.28;-1.32;0;0;0;NaN;NaN;NaN;NaN;NaN
10/23/2018 8:43:32 AM;35;-0.3;2.28;-1.32;0;0;0;NaN;NaN;NaN;NaN;NaN
10/23/2018 8:43:32 AM;14;-0.3;2.28;-1.32;0;0;0;NaN;NaN;NaN;NaN;NaN
10/23/2018 8:43:33 AM;4;-0.3;2.28;-1.32;0;0;0;NaN;NaN;NaN;NaN;NaN
10/23/2018 8:43:33 AM;58;-0.3;2.28;-1.32;0;0;0;NaN;NaN;NaN;NaN;NaN
10/23/2018 8:43:33 AM;57;-0.3;2.28;-1.32;0;0;0;NaN;NaN;NaN;NaN;NaN
10/23/2018 8:43:33 AM;61;-0.3;2.28;-1.32;0;0;0;NaN;NaN;NaN;NaN;NaN
10/23/2018 8:43:33 AM;58;-0.3;2.28;-1.32;0;0;0;NaN;NaN;NaN;NaN;NaN
10/23/2018 8:43:33 AM;60;-0.3;2.28;-1.32;0;0;0;NaN;NaN;NaN;NaN;NaN
10/23/2018 8:43:33 AM;59;-0.3;2.28;-1.32;0;0;0;NaN;NaN;NaN;NaN;NaN
10/23/2018 8:43:33 AM;59;-0.3;2.28;-1.32;0;0;0;NaN;NaN;NaN;NaN;NaN
10/23/2018 8:43:33 AM;57;-0.3;2.28;-1.32;0;0;0;NaN;NaN;NaN;NaN;NaN
10/23/2018 8:43:33 AM;61;-0.3;2.28;-1.32;0;0;0;NaN;NaN;NaN;NaN;NaN
10/23/2018 8:43:33 AM;56;-0.3;2.28;-1.32;0;0;0;NaN;NaN;NaN;NaN;NaN
10/23/2018 8:43:33 AM;61;-0.3;2.28;-1.32;0;0;0;NaN;NaN;NaN;NaN;NaN
10/23/2018 8:43:33 AM;59;-0.3;2.28;-1.32;0;0;0;NaN;NaN;NaN;NaN;NaN
10/23/2018 8:43:33 AM;57;-0.3;2.28;-1.32;0;0;0;NaN;NaN;NaN;NaN;NaN
10/23/2018 8:43:33 AM;61;-0.3;2.28;-1.32;0;0;0;NaN;NaN;NaN;NaN;NaN
10/23/2018 8:43:33 AM;59;-0.3;2.28;-1.32;0;0;0;NaN;NaN;NaN;NaN;NaN
10/23/2018 8:43:33 AM;59;-0.3;2.28;-1.32;0;0;0;NaN;NaN;NaN;NaN;NaN
10/23/2018 8:43:33 AM;57;-0.3;2.28;-1.32;0;0;0;NaN;NaN;NaN;NaN;NaN
10/23/2018 8:43:33 AM;60;-0.3;2.28;-1.32;0;0;0;NaN;NaN;NaN;NaN;NaN
10/23/2018 8:43:33 AM;25;-0.3;2.28;-1.32;0;0;0;NaN;NaN;NaN;NaN;NaN
10/23/2018 8:43:33 AM;53;-0.3;2.28;-1.32;0;0;0;NaN;NaN;NaN;NaN;NaN
10/23/2018 8:43:33 AM;59;-0.3;2.28;-1.32;0;0;0;NaN;NaN;NaN;NaN;NaN
10/23/2018 8:43:33 AM;59;-0.3;2.28;-1.32;0;0;0;NaN;NaN;NaN;NaN;NaN
10/23/2018 8:43:33 AM;58;-0.3;2.28;-1.32;0;0;0;NaN;NaN;NaN;NaN;NaN
10/23/2018 8:43:33 AM;45;-0.3;2.28;-1.32;0;0;0;NaN;NaN;NaN;NaN;NaN
10/23/2018 8:43:33 AM;59;-0.3;2.28;-1.32;0;0;0;NaN;NaN;NaN;NaN;NaN
10/23/2018 8:43:33 AM;59;-0.3;2.28;-1.32;0;0;0;NaN;NaN;NaN;NaN;NaN
10/23/2018 8:43:33 AM;59;-0.3;2.28;-1.32;0;0;0;NaN;NaN;NaN;NaN;NaN
10/23/2018 8:43:33 AM;59;-0.3;2.28;-1.32;0;0;0;NaN;NaN;NaN;NaN;NaN
10/23/2018 8:43:33 AM;58;-0.3;2.28;-1.32;0;0;0;NaN;NaN;NaN;NaN;NaN
10/23/2018 8:43:33 AM;59;-0.3;2.28;-1.32;0;0;0;NaN;NaN;NaN;NaN;NaN
10/23/2018 8:43:33 AM;59;-0.3;2.28;-1.32;0;0;0;NaN;NaN;NaN;NaN;NaN
10/23/2018 8:43:33 AM;60;-0.3;2.28;-1.32;0;0;0;NaN;NaN;NaN;NaN;NaN
10/23/2018 8:43:33 AM;59;-0.3;2.28;-1.32;0;0;0;NaN;NaN;NaN;NaN;NaN
10/23/2018 8:43:33 AM;57;-0.3;2.28;-1.32;0;0;0;NaN;NaN;NaN;NaN;NaN
10/23/2018 8:43:33 AM;59;-0.3;2.28;-1.32;0;0;0;NaN;NaN;NaN;NaN;NaN
10/23/2018 8:43:33 AM;60;-0.3;2.28;-1.32;0;0;0;NaN;NaN;NaN;NaN;NaN
10/23/2018 8:43:33 AM;57;-0.3;2.28;-1.32;0;0;0;NaN;NaN;NaN;NaN;NaN
10/23/2018 8:43:33 AM;61;-0.3;2.28;-1.32;0;0;0;NaN;NaN;NaN;NaN;NaN
10/23/2018 8:43:33 AM;57;-0.3;2.28;-1.32;0;0;0;NaN;NaN;NaN;NaN;NaN
10/23/2018 8:43:33 AM;58;-0.3;2.28;-1.32;0;0;0;NaN;NaN;NaN;NaN;NaN
10/23/2018 8:43:33 AM;61;-0.3;2.28;-1.32;0;0;0;NaN;NaN;NaN;NaN;NaN
10/23/2018 8:43:33 AM;59;-0.3;2.28;-1.32;0;0;0;NaN;NaN;NaN;NaN;NaN
10/23/2018 8:43:33 AM;59;-0.3;2.28;-1.32;0;0;0;NaN;NaN;NaN;NaN;NaN
10/23/2018 8:43:33 AM;59;-0.3;2.28;-1.32;0;0;0;NaN;NaN;NaN;NaN;NaN
10/23/2018 8:43:33 AM;58;-0.3;2.28;-1.32;0;0;0;NaN;NaN;NaN;NaN;NaN
10/23/2018 8:43:33 AM;59;-0.3;2.28;-1.32;0;0;0;NaN;NaN;NaN;NaN;NaN
10/23/2018 8:43:33 AM;50;-0.3;2.28;-1.32;0;0;0;NaN;NaN;NaN;NaN;NaN
10/23/2018 8:43:34 AM;59;-0.3;2.28;-1.32;0;0;0;NaN;NaN;NaN;NaN;NaN
10/23/2018 8:43:34 AM;58;-0.3;2.28;-1.32;0;0;0;NaN;NaN;NaN;NaN;NaN
10/23/2018 8:43:34 AM;57;-0.3;2.28;-1.32;0;0;0;NaN;NaN;NaN;NaN;NaN
10/23/2018 8:43:34 AM;59;-0.3;2.28;-1.32;0;0;0;NaN;NaN;NaN;NaN;NaN
10/23/2018 8:43:34 AM;50;-0.3;2.28;-1.32;0;0;0;NaN;NaN;NaN;NaN;NaN
10/23/2018 8:43:34 AM;59;-0.3;2.28;-1.32;0;0;0;NaN;NaN;NaN;NaN;NaN
10/23/2018 8:43:34 AM;59;-0.3;2.28;-1.32;0;0;0;NaN;NaN;NaN;NaN;NaN
10/23/2018 8:43:34 AM;45;-0.3;2.28;-1.32;0;0;0;NaN;NaN;NaN;NaN;NaN
10/23/2018 8:43:34 AM;57;-0.3;2.28;-1.32;0;0;0;NaN;NaN;NaN;NaN;NaN
10/23/2018 8:43:34 AM;59;-0.3;2.28;-1.32;0;0;0;NaN;NaN;NaN;NaN;NaN
10/23/2018 8:43:34 AM;61;-0.3;2.28;-1.32;0;0;0;NaN;NaN;NaN;NaN;NaN
10/23/2018 8:43:34 AM;54;-0.3;2.28;-1.32;0;0;0;NaN;NaN;NaN;NaN;NaN
10/23/2018 8:43:34 AM;59;-0.3;2.28;-1.32;0;0;0;NaN;NaN;NaN;NaN;NaN
10/23/2018 8:43:34 AM;59;-0.3;2.28;-1.32;0;0;0;NaN;NaN;NaN;NaN;NaN
10/23/2018 8:43:34 AM;59;-0.3;2.28;-1.32;0;0;0;NaN;NaN;NaN;NaN;NaN
10/23/2018 8:43:34 AM;24;-0.3;2.28;-1.32;0;0;0;NaN;NaN;NaN;NaN;NaN
10/23/2018 8:43:34 AM;37;-0.3;2.28;-1.32;0;0;0;NaN;NaN;NaN;NaN;NaN
10/23/2018 8:43:34 AM;59;-0.3;2.28;-1.32;0;0;0;NaN;NaN;NaN;NaN;NaN
10/23/2018 8:43:34 AM;59;-0.3;2.28;-1.32;0;0;0;NaN;NaN;NaN;NaN;NaN
10/23/2018 8:43:34 AM;51;-0.3;2.28;-1.32;0;0;0;NaN;NaN;NaN;NaN;NaN
10/23/2018 8:43:34 AM;59;-0.3;2.28;-1.32;0;0;0;NaN;NaN;NaN;NaN;NaN
10/23/2018 8:43:34 AM;59;-0.3;2.28;-1.32;0;0;0;NaN;NaN;NaN;NaN;NaN
10/23/2018 8:43:34 AM;59;-0.3;2.28;-1.32;0;0;0;NaN;NaN;NaN;NaN;NaN
10/23/2018 8:43:34 AM;9;-0.3;2.28;-1.32;0;0;0;NaN;NaN;NaN;NaN;NaN
10/23/2018 8:43:34 AM;59;-0.3;2.28;-1.32;0;0;0;NaN;NaN;NaN;NaN;NaN
10/23/2018 8:43:34 AM;57;-0.3;2.28;-1.32;0;0;0;NaN;NaN;NaN;NaN;NaN
10/23/2018 8:43:34 AM;58;-0.3;2.28;-1.32;0;0;0;NaN;NaN;NaN;NaN;NaN
10/23/2018 8:43:34 AM;49;-0.3;2.28;-1.32;0;0;0;NaN;NaN;NaN;NaN;NaN
10/23/2018 8:43:34 AM;58;-0.3;2.28;-1.32;0;0;0;NaN;NaN;NaN;NaN;NaN
10/23/2018 8:43:34 AM;46;-0.3;2.28;-1.32;0;0;0;NaN;NaN;NaN;NaN;NaN
10/23/2018 8:43:34 AM;59;-0.3;2.28;-1.32;0;0;0;NaN;NaN;NaN;NaN;NaN
10/23/2018 8:43:34 AM;59;-0.3;2.28;-1.32;0;0;0;NaN;NaN;NaN;NaN;NaN
10/23/2018 8:43:34 AM;58;-0.3;2.28;-1.32;0;0;0;NaN;NaN;NaN;NaN;NaN
10/23/2018 8:43:34 AM;60;-0.3;2.28;-1.32;0;0;0;NaN;NaN;NaN;NaN;NaN
10/23/2018 8:43:34 AM;59;-0.3;2.28;-1.32;0;0;0;NaN;NaN;NaN;NaN;NaN
10/23/2018 8:43:34 AM;59;-0.3;2.28;-1.32;0;0;0;NaN;NaN;NaN;NaN;NaN
10/23/2018 8:43:34 AM;50;-0.3;2.28;-1.32;0;0;0;NaN;NaN;NaN;NaN;NaN
10/23/2018 8:43:34 AM;59;-0.3;2.28;-1.32;0;0;0;NaN;NaN;NaN;NaN;NaN
10/23/2018 8:43:34 AM;56;-0.3;2.28;-1.32;0;0;0;NaN;NaN;NaN;NaN;NaN
10/23/2018 8:43:34 AM;61;-0.3;2.28;-1.32;0;0;0;NaN;NaN;NaN;NaN;NaN
10/23/2018 8:43:34 AM;60;-0.3;2.28;-1.32;0;0;0;NaN;NaN;NaN;NaN;NaN
10/23/2018 8:43:34 AM;58;-0.3;2.28;-1.32;0;0;0;NaN;NaN;NaN;NaN;NaN
10/23/2018 8:43:34 AM;60;-0.3;2.28;-1.32;0;0;0;NaN;NaN;NaN;NaN;NaN
10/23/2018 8:43:34 AM;59;-0.3;2.28;-1.32;0;0;0;NaN;NaN;NaN;NaN;NaN
10/23/2018 8:43:34 AM;58;-0.3;2.28;-1.32;0;0;0;NaN;NaN;NaN;NaN;NaN
10/23/2018 8:43:34 AM;52;-0.3;2.28;-1.32;0;0;0;NaN;NaN;NaN;NaN;NaN
10/23/2018 8:43:34 AM;56;-0.3;2.28;-1.32;0;0;0;NaN;NaN;NaN;NaN;NaN
10/23/2018 8:43:34 AM;62;-0.3;2.28;-1.32;0;0;0;NaN;NaN;NaN;NaN;NaN
10/23/2018 8:43:34 AM;59;-0.3;2.28;-1.32;0;0;0;NaN;NaN;NaN;NaN;NaN
10/23/2018 8:43:34 AM;57;-0.3;2.28;-1.32;0;0;0;NaN;NaN;NaN;NaN;NaN
10/23/2018 8:43:34 AM;61;-0.3;2.28;-1.32;0;0;0;NaN;NaN;NaN;NaN;NaN
10/23/2018 8:43:35 AM;57;-0.3;2.28;-1.32;0;0;0;NaN;NaN;NaN;NaN;NaN
10/23/2018 8:43:35 AM;59;-0.3;2.28;-1.32;0;0;0;NaN;NaN;NaN;NaN;NaN
10/23/2018 8:43:35 AM;59;-0.3;2.28;-1.32;0;0;0;NaN;NaN;NaN;NaN;NaN
10/23/2018 8:43:35 AM;44;-0.3;2.28;-1.32;0;0;0;NaN;NaN;NaN;NaN;NaN
10/23/2018 8:43:35 AM;59;-0.3;2.28;-1.32;0;0;0;NaN;NaN;NaN;NaN;NaN
10/23/2018 8:43:35 AM;59;-0.3;2.28;-1.32;0;0;0;NaN;NaN;NaN;NaN;NaN
10/23/2018 8:43:35 AM;59;-0.3;2.28;-1.32;0;0;0;NaN;NaN;NaN;NaN;NaN
10/23/2018 8:43:35 AM;59;-0.3;2.28;-1.32;0;0;0;NaN;NaN;NaN;NaN;NaN
10/23/2018 8:43:35 AM;56;-0.3;2.28;-1.32;0;0;0;NaN;NaN;NaN;NaN;NaN
10/23/2018 8:43:35 AM;61;-0.3;2.28;-1.32;0;0;0;NaN;NaN;NaN;NaN;NaN
10/23/2018 8:43:35 AM;60;-0.3;2.28;-1.32;0;0;0;NaN;NaN;NaN;NaN;NaN
10/23/2018 8:43:35 AM;58;-0.3;2.28;-1.32;0;0;0;NaN;NaN;NaN;NaN;NaN
10/23/2018 8:43:35 AM;50;-0.3;2.28;-1.32;0;0;0;NaN;NaN;NaN;NaN;NaN
10/23/2018 8:43:35 AM;58;-0.3;2.28;-1.32;0;0;0;NaN;NaN;NaN;NaN;NaN
10/23/2018 8:43:35 AM;59;-0.3;2.28;-1.32;0;0;0;NaN;NaN;NaN;NaN;NaN
10/23/2018 8:43:35 AM;60;-0.3;2.28;-1.32;0;0;0;NaN;NaN;NaN;NaN;NaN
10/23/2018 8:43:35 AM;59;-0.3;2.28;-1.32;0;0;0;NaN;NaN;NaN;NaN;NaN
10/23/2018 8:43:35 AM;57;-0.3;2.28;-1.32;0;0;0;NaN;NaN;NaN;NaN;NaN
10/23/2018 8:43:35 AM;59;-0.3;2.28;-1.32;0;0;0;NaN;NaN;NaN;NaN;NaN
10/23/2018 8:43:35 AM;60;-0.3;2.28;-1.32;0;0;0;NaN;NaN;NaN;NaN;NaN
10/23/2018 8:43:35 AM;20;-0.3;2.28;-1.32;0;0;0;NaN;NaN;NaN;NaN;NaN
10/23/2018 8:43:35 AM;35;-0.3;2.28;-1.32;0;0;0;NaN;NaN;NaN;NaN;NaN
10/23/2018 8:43:35 AM;59;-0.3;2.28;-1.32;0;0;0;NaN;NaN;NaN;NaN;NaN
10/23/2018 8:43:35 AM;59;-0.3;2.28;-1.32;0;0;0;NaN;NaN;NaN;NaN;NaN
10/23/2018 8:43:35 AM;59;-0.3;2.28;-1.32;0;0;0;NaN;NaN;NaN;NaN;NaN
10/23/2018 8:43:35 AM;57;-0.3;2.28;-1.32;0;0;0;NaN;NaN;NaN;NaN;NaN
10/23/2018 8:43:35 AM;61;-0.3;2.28;-1.32;0;0;0;NaN;NaN;NaN;NaN;NaN
10/23/2018 8:43:35 AM;57;-0.3;2.28;-1.32;0;0;0;NaN;NaN;NaN;NaN;NaN
10/23/2018 8:43:35 AM;61;-0.3;2.28;-1.32;0;0;0;NaN;NaN;NaN;NaN;NaN
10/23/2018 8:43:35 AM;59;-0.3;2.28;-1.32;0;0;0;NaN;NaN;NaN;NaN;NaN
10/23/2018 8:43:35 AM;56;-0.3;2.28;-1.32;0;0;0;NaN;NaN;NaN;NaN;NaN
10/23/2018 8:43:35 AM;60;-0.3;2.28;-1.32;0;0;0;NaN;NaN;NaN;NaN;NaN
10/23/2018 8:43:35 AM;48;-0.3;2.28;-1.32;0;0;0;NaN;NaN;NaN;NaN;NaN
10/23/2018 8:43:35 AM;57;-0.3;2.28;-1.32;0;0;0;NaN;NaN;NaN;NaN;NaN
10/23/2018 8:43:35 AM;61;-0.3;2.28;-1.32;0;0;0;NaN;NaN;NaN;NaN;NaN
10/23/2018 8:43:35 AM;59;-0.3;2.28;-1.32;0;0;0;NaN;NaN;NaN;NaN;NaN
10/23/2018 8:43:35 AM;59;-0.3;2.28;-1.32;0;0;0;NaN;NaN;NaN;NaN;NaN
10/23/2018 8:43:35 AM;59;-0.3;2.28;-1.32;0;0;0;NaN;NaN;NaN;NaN;NaN
10/23/2018 8:43:35 AM;57;-0.3;2.28;-1.32;0;0;0;NaN;NaN;NaN;NaN;NaN
10/23/2018 8:43:35 AM;59;-0.3;2.28;-1.32;0;0;0;NaN;NaN;NaN;NaN;NaN
10/23/2018 8:43:35 AM;61;-0.3;2.28;-1.32;0;0;0;NaN;NaN;NaN;NaN;NaN
10/23/2018 8:43:35 AM;59;-0.3;2.28;-1.32;0;0;0;NaN;NaN;NaN;NaN;NaN
10/23/2018 8:43:35 AM;59;-0.3;2.28;-1.32;0;0;0;NaN;NaN;NaN;NaN;NaN
10/23/2018 8:43:35 AM;57;-0.3;2.28;-1.32;0;0;0;NaN;NaN;NaN;NaN;NaN
10/23/2018 8:43:35 AM;60;-0.3;2.28;-1.32;0;0;0;NaN;NaN;NaN;NaN;NaN
10/23/2018 8:43:35 AM;58;-0.3;2.28;-1.32;0;0;0;NaN;NaN;NaN;NaN;NaN
10/23/2018 8:43:35 AM;60;-0.3;2.28;-1.32;0;0;0;NaN;NaN;NaN;NaN;NaN
10/23/2018 8:43:35 AM;59;-0.3;2.28;-1.32;0;0;0;NaN;NaN;NaN;NaN;NaN
10/23/2018 8:43:35 AM;59;-0.3;2.28;-1.32;0;0;0;NaN;NaN;NaN;NaN;NaN
10/23/2018 8:43:35 AM;58;-0.3;2.28;-1.32;0;0;0;NaN;NaN;NaN;NaN;NaN
10/23/2018 8:43:35 AM;61;-0.3;2.28;-1.32;0;0;0;NaN;NaN;NaN;NaN;NaN
10/23/2018 8:43:35 AM;57;-0.3;2.28;-1.32;0;0;0;NaN;NaN;NaN;NaN;NaN
10/23/2018 8:43:35 AM;59;-0.3;2.28;-1.32;0;0;0;NaN;NaN;NaN;NaN;NaN
10/23/2018 8:43:35 AM;59;-0.3;2.28;-1.32;0;0;0;NaN;NaN;NaN;NaN;NaN
10/23/2018 8:43:35 AM;61;-0.3;2.28;-1.32;0;0;0;NaN;NaN;NaN;NaN;NaN
10/23/2018 8:43:35 AM;59;-0.3;2.28;-1.32;0;0;0;NaN;NaN;NaN;NaN;NaN
10/23/2018 8:43:36 AM;59;-0.3;2.28;-1.32;0;0;0;NaN;NaN;NaN;NaN;NaN
10/23/2018 8:43:36 AM;59;-0.3;2.28;-1.32;0;0;0;NaN;NaN;NaN;NaN;NaN
10/23/2018 8:43:36 AM;59;-0.3;2.28;-1.32;0;0;0;NaN;NaN;NaN;NaN;NaN
10/23/2018 8:43:36 AM;54;-0.3;2.28;-1.32;0;0;0;NaN;NaN;NaN;NaN;NaN
10/23/2018 8:43:36 AM;59;-0.3;2.28;-1.32;0;0;0;NaN;NaN;NaN;NaN;NaN
10/23/2018 8:43:36 AM;59;-0.3;2.28;-1.32;0;0;0;NaN;NaN;NaN;NaN;NaN
10/23/2018 8:43:36 AM;59;-0.3;2.28;-1.32;0;0;0;NaN;NaN;NaN;NaN;NaN
10/23/2018 8:43:36 AM;59;-0.3;2.28;-1.32;0;0;0;NaN;NaN;NaN;NaN;NaN
10/23/2018 8:43:36 AM;59;-0.3;2.28;-1.32;0;0;0;NaN;NaN;NaN;NaN;NaN
10/23/2018 8:43:36 AM;59;-0.3;2.28;-1.32;0;0;0;NaN;NaN;NaN;NaN;NaN
10/23/2018 8:43:36 AM;59;-0.3;2.28;-1.32;0;0;0;NaN;NaN;NaN;NaN;NaN
10/23/2018 8:43:36 AM;59;-0.3;2.28;-1.32;0;0;0;NaN;NaN;NaN;NaN;NaN
10/23/2018 8:43:36 AM;59;-0.3;2.28;-1.32;0;0;0;NaN;NaN;NaN;NaN;NaN
10/23/2018 8:43:36 AM;59;-0.3;2.28;-1.32;0;0;0;NaN;NaN;NaN;NaN;NaN
10/23/2018 8:43:36 AM;59;-0.3;2.28;-1.32;0;0;0;NaN;NaN;NaN;NaN;NaN
10/23/2018 8:43:36 AM;59;-0.3;2.28;-1.32;0;0;0;NaN;NaN;NaN;NaN;NaN
10/23/2018 8:43:36 AM;59;-0.3;2.28;-1.32;0;0;0;NaN;NaN;NaN;NaN;NaN
10/23/2018 8:43:36 AM;25;-0.3;2.28;-1.32;0;0;0;NaN;NaN;NaN;NaN;NaN
10/23/2018 8:43:36 AM;53;-0.3;2.28;-1.32;0;0;0;NaN;NaN;NaN;NaN;NaN
10/23/2018 8:43:36 AM;56;-0.3;2.28;-1.32;0;0;0;NaN;NaN;NaN;NaN;NaN
10/23/2018 8:43:36 AM;62;-0.3;2.28;-1.32;0;0;0;NaN;NaN;NaN;NaN;NaN
10/23/2018 8:43:36 AM;59;-0.3;2.28;-1.32;0;0;0;NaN;NaN;NaN;NaN;NaN
10/23/2018 8:43:36 AM;59;-0.3;2.28;-1.32;0;0;0;NaN;NaN;NaN;NaN;NaN
10/23/2018 8:43:36 AM;58;-0.3;2.28;-1.32;0;0;0;NaN;NaN;NaN;NaN;NaN
10/23/2018 8:43:36 AM;57;-0.3;2.28;-1.32;0;0;0;NaN;NaN;NaN;NaN;NaN
10/23/2018 8:43:36 AM;58;-0.3;2.28;-1.32;0;0;0;NaN;NaN;NaN;NaN;NaN
10/23/2018 8:43:36 AM;59;-0.3;2.28;-1.32;0;0;0;NaN;NaN;NaN;NaN;NaN
10/23/2018 8:43:36 AM;59;-0.3;2.28;-1.32;0;0;0;NaN;NaN;NaN;NaN;NaN
10/23/2018 8:43:36 AM;59;-0.3;2.28;-1.32;0;0;0;NaN;NaN;NaN;NaN;NaN
10/23/2018 8:43:36 AM;48;-0.3;2.28;-1.32;0;0;0;NaN;NaN;NaN;NaN;NaN
10/23/2018 8:43:36 AM;59;-0.3;2.28;-1.32;0;0;0;NaN;NaN;NaN;NaN;NaN
10/23/2018 8:43:36 AM;58;-0.3;2.28;-1.32;0;0;0;NaN;NaN;NaN;NaN;NaN
10/23/2018 8:43:36 AM;57;-0.3;2.28;-1.32;0;0;0;NaN;NaN;NaN;NaN;NaN
10/23/2018 8:43:36 AM;61;-0.3;2.28;-1.32;0;0;0;NaN;NaN;NaN;NaN;NaN
10/23/2018 8:43:36 AM;59;-0.3;2.28;-1.32;0;0;0;NaN;NaN;NaN;NaN;NaN
10/23/2018 8:43:36 AM;58;-0.3;2.28;-1.32;0;0;0;NaN;NaN;NaN;NaN;NaN
10/23/2018 8:43:36 AM;59;-0.3;2.28;-1.32;0;0;0;NaN;NaN;NaN;NaN;NaN
10/23/2018 8:43:36 AM;59;-0.3;2.28;-1.32;0;0;0;NaN;NaN;NaN;NaN;NaN
10/23/2018 8:43:36 AM;59;-0.3;2.28;-1.32;0;0;0;NaN;NaN;NaN;NaN;NaN
10/23/2018 8:43:36 AM;59;-0.3;2.28;-1.32;0;0;0;NaN;NaN;NaN;NaN;NaN
10/23/2018 8:43:36 AM;59;-0.3;2.28;-1.32;0;0;0;NaN;NaN;NaN;NaN;NaN
10/23/2018 8:43:36 AM;59;-0.3;2.28;-1.32;0;0;0;NaN;NaN;NaN;NaN;NaN
10/23/2018 8:43:36 AM;59;-0.3;2.28;-1.32;0;0;0;NaN;NaN;NaN;NaN;NaN
10/23/2018 8:43:36 AM;58;-0.3;2.28;-1.32;0;0;0;NaN;NaN;NaN;NaN;NaN
10/23/2018 8:43:36 AM;59;-0.3;2.28;-1.32;0;0;0;NaN;NaN;NaN;NaN;NaN
10/23/2018 8:43:36 AM;59;-0.3;2.28;-1.32;0;0;0;NaN;NaN;NaN;NaN;NaN
10/23/2018 8:43:36 AM;58;-0.3;2.28;-1.32;0;0;0;NaN;NaN;NaN;NaN;NaN
10/23/2018 8:43:36 AM;59;-0.3;2.28;-1.32;0;0;0;NaN;NaN;NaN;NaN;NaN
10/23/2018 8:43:36 AM;59;-0.3;2.28;-1.32;0;0;0;NaN;NaN;NaN;NaN;NaN
10/23/2018 8:43:36 AM;59;-0.3;2.28;-1.32;0;0;0;NaN;NaN;NaN;NaN;NaN
10/23/2018 8:43:36 AM;57;-0.3;2.28;-1.32;0;0;0;NaN;NaN;NaN;NaN;NaN
10/23/2018 8:43:36 AM;61;-0.3;2.28;-1.32;0;0;0;NaN;NaN;NaN;NaN;NaN
10/23/2018 8:43:36 AM;58;-0.3;2.28;-1.32;0;0;0;NaN;NaN;NaN;NaN;NaN
10/23/2018 8:43:36 AM;61;-0.3;2.28;-1.32;0;0;0;NaN;NaN;NaN;NaN;NaN
10/23/2018 8:43:36 AM;57;-0.3;2.28;-1.32;0;0;0;NaN;NaN;NaN;NaN;NaN
10/23/2018 8:43:36 AM;59;-0.3;2.28;-1.32;0;0;0;NaN;NaN;NaN;NaN;NaN
10/23/2018 8:43:36 AM;59;-0.3;2.28;-1.32;0;0;0;NaN;NaN;NaN;NaN;NaN
10/23/2018 8:43:37 AM;60;-0.3;2.28;-1.32;0;0;0;NaN;NaN;NaN;NaN;NaN
10/23/2018 8:43:37 AM;59;-0.3;2.28;-1.32;0;0;0;NaN;NaN;NaN;NaN;NaN
10/23/2018 8:43:37 AM;59;-0.3;2.28;-1.32;0;0;0;NaN;NaN;NaN;NaN;NaN
10/23/2018 8:43:37 AM;58;-0.3;2.28;-1.32;0;0;0;NaN;NaN;NaN;NaN;NaN
10/23/2018 8:43:37 AM;59;-0.3;2.28;-1.32;0;0;0;NaN;NaN;NaN;NaN;NaN
10/23/2018 8:43:37 AM;57;-0.3;2.28;-1.32;0;0;0;NaN;NaN;NaN;NaN;NaN
10/23/2018 8:43:37 AM;61;-0.3;2.28;-1.32;0;0;0;NaN;NaN;NaN;NaN;NaN
10/23/2018 8:43:37 AM;57;-0.3;2.28;-1.32;0;0;0;NaN;NaN;NaN;NaN;NaN
10/23/2018 8:43:37 AM;61;-0.3;2.28;-1.32;0;0;0;NaN;NaN;NaN;NaN;NaN
10/23/2018 8:43:37 AM;59;-0.3;2.28;-1.32;0;0;0;NaN;NaN;NaN;NaN;NaN
10/23/2018 8:43:37 AM;57;-0.3;2.28;-1.32;0;0;0;NaN;NaN;NaN;NaN;NaN
10/23/2018 8:43:37 AM;61;-0.3;2.28;-1.32;0;0;0;NaN;NaN;NaN;NaN;NaN
10/23/2018 8:43:37 AM;59;-0.3;2.28;-1.32;0;0;0;NaN;NaN;NaN;NaN;NaN
10/23/2018 8:43:37 AM;57;-0.3;2.28;-1.32;0;0;0;NaN;NaN;NaN;NaN;NaN
10/23/2018 8:43:37 AM;59;-0.3;2.28;-1.32;0;0;0;NaN;NaN;NaN;NaN;NaN
10/23/2018 8:43:37 AM;61;-0.3;2.28;-1.32;0;0;0;NaN;NaN;NaN;NaN;NaN
10/23/2018 8:43:37 AM;58;-0.3;2.28;-1.32;0;0;0;NaN;NaN;NaN;NaN;NaN
10/23/2018 8:43:37 AM;57;-0.3;2.28;-1.32;0;0;0;NaN;NaN;NaN;NaN;NaN
10/23/2018 8:43:37 AM;62;-0.3;2.28;-1.32;0;0;0;NaN;NaN;NaN;NaN;NaN
10/23/2018 8:43:37 AM;59;-0.3;2.28;-1.32;0;0;0;NaN;NaN;NaN;NaN;NaN
10/23/2018 8:43:37 AM;59;-0.3;2.28;-1.32;0;0;0;NaN;NaN;NaN;NaN;NaN
10/23/2018 8:43:37 AM;59;-0.3;2.28;-1.32;0;0;0;NaN;NaN;NaN;NaN;NaN
10/23/2018 8:43:37 AM;24;-0.3;2.28;-1.32;0;0;0;NaN;NaN;NaN;NaN;NaN
10/23/2018 8:43:37 AM;51;-0.3;2.28;-1.32;0;0;0;NaN;NaN;NaN;NaN;NaN
10/23/2018 8:43:37 AM;38;-0.3;2.28;-1.32;0;0;0;NaN;NaN;NaN;NaN;NaN
10/23/2018 8:43:37 AM;58;-0.3;2.28;-1.32;0;0;0;NaN;NaN;NaN;NaN;NaN
10/23/2018 8:43:37 AM;60;-0.3;2.28;-1.32;0;0;0;NaN;NaN;NaN;NaN;NaN
10/23/2018 8:43:37 AM;59;-0.3;2.28;-1.32;0;0;0;NaN;NaN;NaN;NaN;NaN
10/23/2018 8:43:37 AM;59;-0.3;2.28;-1.32;0;0;0;NaN;NaN;NaN;NaN;NaN
10/23/2018 8:43:37 AM;59;-0.3;2.28;-1.32;0;0;0;NaN;NaN;NaN;NaN;NaN
10/23/2018 8:43:37 AM;57;-0.3;2.28;-1.32;0;0;0;NaN;NaN;NaN;NaN;NaN
10/23/2018 8:43:37 AM;61;-0.3;2.28;-1.32;0;0;0;NaN;NaN;NaN;NaN;NaN
10/23/2018 8:43:37 AM;59;-0.3;2.28;-1.32;0;0;0;NaN;NaN;NaN;NaN;NaN
10/23/2018 8:43:37 AM;59;-0.3;2.28;-1.32;0;0;0;NaN;NaN;NaN;NaN;NaN
10/23/2018 8:43:37 AM;59;-0.3;2.28;-1.32;0;0;0;NaN;NaN;NaN;NaN;NaN
10/23/2018 8:43:37 AM;56;-0.3;2.28;-1.32;0;0;0;NaN;NaN;NaN;NaN;NaN
10/23/2018 8:43:37 AM;62;-0.3;2.28;-1.32;0;0;0;NaN;NaN;NaN;NaN;NaN
10/23/2018 8:43:37 AM;57;-0.3;2.28;-1.32;0;0;0;NaN;NaN;NaN;NaN;NaN
10/23/2018 8:43:37 AM;59;-0.3;2.28;-1.32;0;0;0;NaN;NaN;NaN;NaN;NaN
10/23/2018 8:43:37 AM;60;-0.3;2.28;-1.32;0;0;0;NaN;NaN;NaN;NaN;NaN
10/23/2018 8:43:37 AM;59;-0.3;2.28;-1.32;0;0;0;NaN;NaN;NaN;NaN;NaN
10/23/2018 8:43:37 AM;59;-0.3;2.28;-1.32;0;0;0;NaN;NaN;NaN;NaN;NaN
10/23/2018 8:43:37 AM;58;-0.3;2.28;-1.32;0;0;0;NaN;NaN;NaN;NaN;NaN
10/23/2018 8:43:37 AM;59;-0.3;2.28;-1.32;0;0;0;NaN;NaN;NaN;NaN;NaN
10/23/2018 8:43:37 AM;60;-0.3;2.28;-1.32;0;0;0;NaN;NaN;NaN;NaN;NaN
10/23/2018 8:43:37 AM;58;-0.3;2.28;-1.32;0;0;0;NaN;NaN;NaN;NaN;NaN
10/23/2018 8:43:37 AM;60;-0.3;2.28;-1.32;0;0;0;NaN;NaN;NaN;NaN;NaN
10/23/2018 8:43:37 AM;56;-0.3;2.28;-1.32;0;0;0;NaN;NaN;NaN;NaN;NaN
10/23/2018 8:43:37 AM;62;-0.3;2.28;-1.32;0;0;0;NaN;NaN;NaN;NaN;NaN
10/23/2018 8:43:37 AM;59;-0.3;2.28;-1.32;0;0;0;NaN;NaN;NaN;NaN;NaN
10/23/2018 8:43:37 AM;59;-0.3;2.28;-1.32;0;0;0;NaN;NaN;NaN;NaN;NaN
10/23/2018 8:43:37 AM;59;-0.3;2.28;-1.32;0;0;0;NaN;NaN;NaN;NaN;NaN
10/23/2018 8:43:37 AM;59;-0.3;2.28;-1.32;0;0;0;NaN;NaN;NaN;NaN;NaN
10/23/2018 8:43:37 AM;56;-0.3;2.28;-1.32;0;0;0;NaN;NaN;NaN;NaN;NaN
10/23/2018 8:43:37 AM;62;-0.3;2.28;-1.32;0;0;0;NaN;NaN;NaN;NaN;NaN
10/23/2018 8:43:37 AM;57;-0.3;2.28;-1.32;0;0;0;NaN;NaN;NaN;NaN;NaN
10/23/2018 8:43:37 AM;59;-0.3;2.28;-1.32;0;0;0;NaN;NaN;NaN;NaN;NaN
10/23/2018 8:43:38 AM;61;-0.3;2.28;-1.32;0;0;0;NaN;NaN;NaN;NaN;NaN
10/23/2018 8:43:38 AM;59;-0.3;2.28;-1.32;0;0;0;NaN;NaN;NaN;NaN;NaN
10/23/2018 8:43:38 AM;59;-0.3;2.28;-1.32;0;0;0;NaN;NaN;NaN;NaN;NaN
10/23/2018 8:43:38 AM;59;-0.3;2.28;-1.32;0;0;0;NaN;NaN;NaN;NaN;NaN
10/23/2018 8:43:38 AM;59;-0.3;2.28;-1.32;0;0;0;NaN;NaN;NaN;NaN;NaN
10/23/2018 8:43:38 AM;59;-0.3;2.28;-1.32;0;0;0;NaN;NaN;NaN;NaN;NaN
10/23/2018 8:43:38 AM;59;-0.3;2.28;-1.32;0;0;0;NaN;NaN;NaN;NaN;NaN
10/23/2018 8:43:38 AM;58;-0.3;2.28;-1.32;0;0;0;NaN;NaN;NaN;NaN;NaN
10/23/2018 8:43:38 AM;59;-0.3;2.28;-1.32;0;0;0;NaN;NaN;NaN;NaN;NaN
10/23/2018 8:43:38 AM;59;-0.3;2.28;-1.32;0;0;0;NaN;NaN;NaN;NaN;NaN
10/23/2018 8:43:38 AM;59;-0.3;2.28;-1.32;0;0;0;NaN;NaN;NaN;NaN;NaN
10/23/2018 8:43:38 AM;59;-0.3;2.28;-1.32;0;0;0;NaN;NaN;NaN;NaN;NaN
10/23/2018 8:43:38 AM;59;-0.3;2.28;-1.32;0;0;0;NaN;NaN;NaN;NaN;NaN
10/23/2018 8:43:38 AM;57;-0.3;2.28;-1.32;0;0;0;NaN;NaN;NaN;NaN;NaN
10/23/2018 8:43:38 AM;61;-0.3;2.28;-1.32;0;0;0;NaN;NaN;NaN;NaN;NaN
10/23/2018 8:43:38 AM;59;-0.3;2.28;-1.32;0;0;0;NaN;NaN;NaN;NaN;NaN
10/23/2018 8:43:38 AM;56;-0.3;2.28;-1.32;0;0;0;NaN;NaN;NaN;NaN;NaN
10/23/2018 8:43:38 AM;26;-0.3;2.28;-1.32;0;0;0;NaN;NaN;NaN;NaN;NaN
10/23/2018 8:43:38 AM;58;-0.3;2.28;-1.32;0;0;0;NaN;NaN;NaN;NaN;NaN
10/23/2018 8:43:38 AM;59;-0.3;2.28;-1.32;0;0;0;NaN;NaN;NaN;NaN;NaN
10/23/2018 8:43:38 AM;43;-0.3;2.28;-1.32;0;0;0;NaN;NaN;NaN;NaN;NaN
10/23/2018 8:43:38 AM;59;-0.3;2.28;-1.32;0;0;0;NaN;NaN;NaN;NaN;NaN
10/23/2018 8:43:38 AM;57;-0.3;2.28;-1.32;0;0;0;NaN;NaN;NaN;NaN;NaN
10/23/2018 8:43:38 AM;59;-0.3;2.28;-1.32;0;0;0;NaN;NaN;NaN;NaN;NaN
10/23/2018 8:43:38 AM;61;-0.3;2.28;-1.32;0;0;0;NaN;NaN;NaN;NaN;NaN
10/23/2018 8:43:38 AM;59;-0.3;2.28;-1.32;0;0;0;NaN;NaN;NaN;NaN;NaN
10/23/2018 8:43:38 AM;59;-0.3;2.28;-1.32;0;0;0;NaN;NaN;NaN;NaN;NaN
10/23/2018 8:43:38 AM;59;-0.3;2.28;-1.32;0;0;0;NaN;NaN;NaN;NaN;NaN
10/23/2018 8:43:38 AM;58;-0.3;2.28;-1.32;0;0;0;NaN;NaN;NaN;NaN;NaN
10/23/2018 8:43:38 AM;60;-0.3;2.28;-1.32;0;0;0;NaN;NaN;NaN;NaN;NaN
10/23/2018 8:43:38 AM;59;-0.3;2.28;-1.32;0;0;0;NaN;NaN;NaN;NaN;NaN
10/23/2018 8:43:38 AM;59;-0.3;2.28;-1.32;0;0;0;NaN;NaN;NaN;NaN;NaN
10/23/2018 8:43:38 AM;59;-0.3;2.28;-1.32;0;0;0;NaN;NaN;NaN;NaN;NaN
10/23/2018 8:43:38 AM;58;-0.3;2.28;-1.32;0;0;0;NaN;NaN;NaN;NaN;NaN
10/23/2018 8:43:38 AM;59;-0.3;2.28;-1.32;0;0;0;NaN;NaN;NaN;NaN;NaN
10/23/2018 8:43:38 AM;60;-0.3;2.28;-1.32;0;0;0;NaN;NaN;NaN;NaN;NaN
10/23/2018 8:43:38 AM;59;-0.3;2.28;-1.32;0;0;0;NaN;NaN;NaN;NaN;NaN
10/23/2018 8:43:38 AM;59;-0.3;2.28;-1.32;0;0;0;NaN;NaN;NaN;NaN;NaN
10/23/2018 8:43:38 AM;59;-0.3;2.28;-1.32;0;0;0;NaN;NaN;NaN;NaN;NaN
10/23/2018 8:43:38 AM;57;-0.3;2.28;-1.32;0;0;0;NaN;NaN;NaN;NaN;NaN
10/23/2018 8:43:38 AM;59;-0.3;2.28;-1.32;0;0;0;NaN;NaN;NaN;NaN;NaN
10/23/2018 8:43:38 AM;61;-0.3;2.28;-1.32;0;0;0;NaN;NaN;NaN;NaN;NaN
10/23/2018 8:43:38 AM;58;-0.3;2.28;-1.32;0;0;0;NaN;NaN;NaN;NaN;NaN
10/23/2018 8:43:38 AM;59;-0.3;2.28;-1.32;0;0;0;NaN;NaN;NaN;NaN;NaN
10/23/2018 8:43:38 AM;59;-0.3;2.28;-1.32;0;0;0;NaN;NaN;NaN;NaN;NaN
10/23/2018 8:43:38 AM;58;-0.3;2.28;-1.32;0;0;0;NaN;NaN;NaN;NaN;NaN
10/23/2018 8:43:38 AM;60;-0.3;2.28;-1.32;0;0;0;NaN;NaN;NaN;NaN;NaN
10/23/2018 8:43:38 AM;57;-0.3;2.28;-1.32;0;0;0;NaN;NaN;NaN;NaN;NaN
10/23/2018 8:43:38 AM;38;-0.3;2.28;-1.32;0;0;0;NaN;NaN;NaN;NaN;NaN
10/23/2018 8:43:38 AM;59;-0.3;2.28;-1.32;0;0;0;NaN;NaN;NaN;NaN;NaN
10/23/2018 8:43:38 AM;58;-0.3;2.28;-1.32;0;0;0;NaN;NaN;NaN;NaN;NaN
10/23/2018 8:43:38 AM;58;-0.3;2.28;-1.32;0;0;0;NaN;NaN;NaN;NaN;NaN
10/23/2018 8:43:38 AM;61;-0.3;2.28;-1.32;0;0;0;NaN;NaN;NaN;NaN;NaN
10/23/2018 8:43:38 AM;59;-0.3;2.28;-1.32;0;0;0;NaN;NaN;NaN;NaN;NaN
10/23/2018 8:43:38 AM;59;-0.3;2.28;-1.32;0;0;0;NaN;NaN;NaN;NaN;NaN
10/23/2018 8:43:38 AM;57;-0.3;2.28;-1.32;0;0;0;NaN;NaN;NaN;NaN;NaN
10/23/2018 8:43:38 AM;59;-0.3;2.28;-1.32;0;0;0;NaN;NaN;NaN;NaN;NaN
10/23/2018 8:43:39 AM;58;-0.3;2.28;-1.32;0;0;0;NaN;NaN;NaN;NaN;NaN
10/23/2018 8:43:39 AM;61;-0.3;2.28;-1.32;0;0;0;NaN;NaN;NaN;NaN;NaN
10/23/2018 8:43:39 AM;60;-0.3;2.28;-1.32;0;0;0;NaN;NaN;NaN;NaN;NaN
10/23/2018 8:43:39 AM;57;-0.3;2.28;-1.32;0;0;0;NaN;NaN;NaN;NaN;NaN
10/23/2018 8:43:39 AM;60;-0.3;2.28;-1.32;0;0;0;NaN;NaN;NaN;NaN;NaN
10/23/2018 8:43:39 AM;59;-0.3;2.28;-1.32;0;0;0;NaN;NaN;NaN;NaN;NaN
10/23/2018 8:43:39 AM;59;-0.3;2.28;-1.32;0;0;0;NaN;NaN;NaN;NaN;NaN
10/23/2018 8:43:39 AM;57;-0.3;2.28;-1.32;0;0;0;NaN;NaN;NaN;NaN;NaN
10/23/2018 8:43:39 AM;61;-0.3;2.28;-1.32;0;0;0;NaN;NaN;NaN;NaN;NaN
10/23/2018 8:43:39 AM;59;-0.3;2.28;-1.32;0;0;0;NaN;NaN;NaN;NaN;NaN
10/23/2018 8:43:39 AM;59;-0.3;2.28;-1.32;0;0;0;NaN;NaN;NaN;NaN;NaN
10/23/2018 8:43:39 AM;58;-0.3;2.28;-1.32;0;0;0;NaN;NaN;NaN;NaN;NaN
10/23/2018 8:43:39 AM;58;-0.3;2.28;-1.32;0;0;0;NaN;NaN;NaN;NaN;NaN
10/23/2018 8:43:39 AM;60;-0.3;2.28;-1.32;0;0;0;NaN;NaN;NaN;NaN;NaN
10/23/2018 8:43:39 AM;57;-0.3;2.28;-1.32;0;0;0;NaN;NaN;NaN;NaN;NaN
10/23/2018 8:43:39 AM;60;-0.3;2.28;-1.32;0;0;0;NaN;NaN;NaN;NaN;NaN
10/23/2018 8:43:39 AM;59;-0.3;2.28;-1.32;0;0;0;NaN;NaN;NaN;NaN;NaN
10/23/2018 8:43:39 AM;59;-0.3;2.28;-1.32;0;0;0;NaN;NaN;NaN;NaN;NaN
10/23/2018 8:43:39 AM;59;-0.3;2.28;-1.32;0;0;0;NaN;NaN;NaN;NaN;NaN
10/23/2018 8:43:39 AM;59;-0.3;2.28;-1.32;0;0;0;NaN;NaN;NaN;NaN;NaN
10/23/2018 8:43:39 AM;59;-0.3;2.28;-1.32;0;0;0;NaN;NaN;NaN;NaN;NaN
10/23/2018 8:43:39 AM;52;-0.3;2.28;-1.32;0;0;0;NaN;NaN;NaN;NaN;NaN
10/23/2018 8:43:39 AM;26;-0.3;2.28;-1.32;0;0;0;NaN;NaN;NaN;NaN;NaN
10/23/2018 8:43:39 AM;49;-0.3;2.28;-1.32;0;0;0;NaN;NaN;NaN;NaN;NaN
10/23/2018 8:43:39 AM;58;-0.3;2.28;-1.32;0;0;0;NaN;NaN;NaN;NaN;NaN
10/23/2018 8:43:39 AM;59;-0.3;2.28;-1.32;0;0;0;NaN;NaN;NaN;NaN;NaN
10/23/2018 8:43:39 AM;61;-0.3;2.28;-1.32;0;0;0;NaN;NaN;NaN;NaN;NaN
10/23/2018 8:43:39 AM;59;-0.3;2.28;-1.32;0;0;0;NaN;NaN;NaN;NaN;NaN
10/23/2018 8:43:39 AM;58;-0.3;2.28;-1.32;0;0;0;NaN;NaN;NaN;NaN;NaN
10/23/2018 8:43:39 AM;59;-0.3;2.28;-1.32;0;0;0;NaN;NaN;NaN;NaN;NaN
10/23/2018 8:43:39 AM;46;-0.3;2.28;-1.32;0;0;0;NaN;NaN;NaN;NaN;NaN
10/23/2018 8:43:39 AM;59;-0.3;2.28;-1.32;0;0;0;NaN;NaN;NaN;NaN;NaN
10/23/2018 8:43:39 AM;57;-0.3;2.28;-1.32;0;0;0;NaN;NaN;NaN;NaN;NaN
10/23/2018 8:43:39 AM;60;-0.3;2.28;-1.32;0;0;0;NaN;NaN;NaN;NaN;NaN
10/23/2018 8:43:39 AM;59;-0.3;2.28;-1.32;0;0;0;NaN;NaN;NaN;NaN;NaN
10/23/2018 8:43:39 AM;60;-0.3;2.28;-1.32;0;0;0;NaN;NaN;NaN;NaN;NaN
10/23/2018 8:43:39 AM;58;-0.3;2.28;-1.32;0;0;0;NaN;NaN;NaN;NaN;NaN
10/23/2018 8:43:39 AM;59;-0.3;2.28;-1.32;0;0;0;NaN;NaN;NaN;NaN;NaN
10/23/2018 8:43:39 AM;58;-0.3;2.28;-1.32;0;0;0;NaN;NaN;NaN;NaN;NaN
10/23/2018 8:43:39 AM;60;-0.3;2.28;-1.32;0;0;0;NaN;NaN;NaN;NaN;NaN
10/23/2018 8:43:39 AM;59;-0.3;2.28;-1.32;0;0;0;NaN;NaN;NaN;NaN;NaN
10/23/2018 8:43:39 AM;58;-0.3;2.28;-1.32;0;0;0;NaN;NaN;NaN;NaN;NaN
10/23/2018 8:43:39 AM;60;-0.3;2.28;-1.32;0;0;0;NaN;NaN;NaN;NaN;NaN
10/23/2018 8:43:39 AM;59;-0.3;2.28;-1.32;0;0;0;NaN;NaN;NaN;NaN;NaN
10/23/2018 8:43:39 AM;59;-0.3;2.28;-1.32;0;0;0;NaN;NaN;NaN;NaN;NaN
10/23/2018 8:43:39 AM;59;-0.3;2.28;-1.32;0;0;0;NaN;NaN;NaN;NaN;NaN
10/23/2018 8:43:39 AM;57;-0.3;2.28;-1.32;0;0;0;NaN;NaN;NaN;NaN;NaN
10/23/2018 8:43:39 AM;61;-0.3;2.28;-1.32;0;0;0;NaN;NaN;NaN;NaN;NaN
10/23/2018 8:43:39 AM;59;-0.3;2.28;-1.32;0;0;0;NaN;NaN;NaN;NaN;NaN
10/23/2018 8:43:39 AM;59;-0.3;2.28;-1.32;0;0;0;NaN;NaN;NaN;NaN;NaN
10/23/2018 8:43:39 AM;57;-0.3;2.28;-1.32;0;0;0;NaN;NaN;NaN;NaN;NaN
10/23/2018 8:43:39 AM;60;-0.3;2.28;-1.32;0;0;0;NaN;NaN;NaN;NaN;NaN
10/23/2018 8:43:39 AM;59;-0.3;2.28;-1.32;0;0;0;NaN;NaN;NaN;NaN;NaN
10/23/2018 8:43:39 AM;59;-0.3;2.28;-1.32;0;0;0;NaN;NaN;NaN;NaN;NaN
10/23/2018 8:43:39 AM;57;-0.3;2.28;-1.32;0;0;0;NaN;NaN;NaN;NaN;NaN
10/23/2018 8:43:39 AM;60;-0.3;2.28;-1.32;0;0;0;NaN;NaN;NaN;NaN;NaN
10/23/2018 8:43:39 AM;57;-0.3;2.28;-1.32;0;0;0;NaN;NaN;NaN;NaN;NaN
10/23/2018 8:43:39 AM;61;-0.3;2.28;-1.32;0;0;0;NaN;NaN;NaN;NaN;NaN
10/23/2018 8:43:40 AM;59;-0.3;2.28;-1.32;0;0;0;NaN;NaN;NaN;NaN;NaN
10/23/2018 8:43:40 AM;56;-0.3;2.28;-1.32;0;0;0;NaN;NaN;NaN;NaN;NaN
10/23/2018 8:43:40 AM;62;-0.3;2.28;-1.32;0;0;0;NaN;NaN;NaN;NaN;NaN
10/23/2018 8:43:40 AM;59;-0.3;2.28;-1.32;0;0;0;NaN;NaN;NaN;NaN;NaN
10/23/2018 8:43:40 AM;59;-0.3;2.28;-1.32;0;0;0;NaN;NaN;NaN;NaN;NaN
10/23/2018 8:43:40 AM;58;-0.3;2.28;-1.32;0;0;0;NaN;NaN;NaN;NaN;NaN
10/23/2018 8:43:40 AM;57;-0.3;2.28;-1.32;0;0;0;NaN;NaN;NaN;NaN;NaN
10/23/2018 8:43:40 AM;62;-0.3;2.28;-1.32;0;0;0;NaN;NaN;NaN;NaN;NaN
10/23/2018 8:43:40 AM;59;-0.3;2.28;-1.32;0;0;0;NaN;NaN;NaN;NaN;NaN
10/23/2018 8:43:40 AM;59;-0.3;2.28;-1.32;0;0;0;NaN;NaN;NaN;NaN;NaN
10/23/2018 8:43:40 AM;59;-0.3;2.28;-1.32;0;0;0;NaN;NaN;NaN;NaN;NaN
10/23/2018 8:43:40 AM;58;-0.3;2.28;-1.32;0;0;0;NaN;NaN;NaN;NaN;NaN
10/23/2018 8:43:40 AM;60;-0.3;2.28;-1.32;0;0;0;NaN;NaN;NaN;NaN;NaN
10/23/2018 8:43:40 AM;58;-0.3;2.28;-1.32;0;0;0;NaN;NaN;NaN;NaN;NaN
10/23/2018 8:43:40 AM;59;-0.3;2.28;-1.32;0;0;0;NaN;NaN;NaN;NaN;NaN
10/23/2018 8:43:40 AM;60;-0.3;2.28;-1.32;0;0;0;NaN;NaN;NaN;NaN;NaN
10/23/2018 8:43:40 AM;59;-0.3;2.28;-1.32;0;0;0;NaN;NaN;NaN;NaN;NaN
10/23/2018 8:43:40 AM;58;-0.3;2.28;-1.32;0;0;0;NaN;NaN;NaN;NaN;NaN
10/23/2018 8:43:40 AM;27;-0.3;2.28;-1.32;0;0;0;NaN;NaN;NaN;NaN;NaN
10/23/2018 8:43:40 AM;59;-0.3;2.28;-1.32;0;0;0;NaN;NaN;NaN;NaN;NaN
10/23/2018 8:43:40 AM;59;-0.3;2.28;-1.32;0;0;0;NaN;NaN;NaN;NaN;NaN
10/23/2018 8:43:40 AM;59;-0.3;2.28;-1.32;0;0;0;NaN;NaN;NaN;NaN;NaN
10/23/2018 8:43:40 AM;59;-0.3;2.28;-1.32;0;0;0;NaN;NaN;NaN;NaN;NaN
10/23/2018 8:43:40 AM;59;-0.3;2.28;-1.32;0;0;0;NaN;NaN;NaN;NaN;NaN
10/23/2018 8:43:40 AM;59;-0.3;2.28;-1.32;0;0;0;NaN;NaN;NaN;NaN;NaN
10/23/2018 8:43:40 AM;59;-0.3;2.28;-1.32;0;0;0;NaN;NaN;NaN;NaN;NaN
10/23/2018 8:43:40 AM;59;-0.3;2.28;-1.32;0;0;0;NaN;NaN;NaN;NaN;NaN
10/23/2018 8:43:40 AM;59;-0.3;2.28;-1.32;0;0;0;NaN;NaN;NaN;NaN;NaN
10/23/2018 8:43:40 AM;59;-0.3;2.28;-1.32;0;0;0;NaN;NaN;NaN;NaN;NaN
10/23/2018 8:43:40 AM;57;-0.3;2.28;-1.32;0;0;0;NaN;NaN;NaN;NaN;NaN
10/23/2018 8:43:40 AM;60;-0.3;2.28;-1.32;0;0;0;NaN;NaN;NaN;NaN;NaN
10/23/2018 8:43:40 AM;59;-0.3;2.28;-1.32;0;0;0;NaN;NaN;NaN;NaN;NaN
10/23/2018 8:43:40 AM;59;-0.3;2.28;-1.32;0;0;0;NaN;NaN;NaN;NaN;NaN
10/23/2018 8:43:40 AM;59;-0.3;2.28;-1.32;0;0;0;NaN;NaN;NaN;NaN;NaN
10/23/2018 8:43:40 AM;59;-0.3;2.28;-1.32;0;0;0;NaN;NaN;NaN;NaN;NaN
10/23/2018 8:43:40 AM;59;-0.3;2.28;-1.32;0;0;0;NaN;NaN;NaN;NaN;NaN
10/23/2018 8:43:40 AM;59;-0.3;2.28;-1.32;0;0;0;NaN;NaN;NaN;NaN;NaN
10/23/2018 8:43:40 AM;59;-0.3;2.28;-1.32;0;0;0;NaN;NaN;NaN;NaN;NaN
10/23/2018 8:43:40 AM;59;-0.3;2.28;-1.32;0;0;0;NaN;NaN;NaN;NaN;NaN
10/23/2018 8:43:40 AM;57;-0.3;2.28;-1.32;0;0;0;NaN;NaN;NaN;NaN;NaN
10/23/2018 8:43:40 AM;47;-0.3;2.28;-1.32;0;0;0;NaN;NaN;NaN;NaN;NaN
10/23/2018 8:43:40 AM;57;-0.3;2.28;-1.32;0;0;0;NaN;NaN;NaN;NaN;NaN
10/23/2018 8:43:40 AM;61;-0.3;2.28;-1.32;0;0;0;NaN;NaN;NaN;NaN;NaN
10/23/2018 8:43:40 AM;58;-0.3;2.28;-1.32;0;0;0;NaN;NaN;NaN;NaN;NaN
10/23/2018 8:43:40 AM;60;-0.3;2.28;-1.32;0;0;0;NaN;NaN;NaN;NaN;NaN
10/23/2018 8:43:40 AM;59;-0.3;2.28;-1.32;0;0;0;NaN;NaN;NaN;NaN;NaN
10/23/2018 8:43:40 AM;59;-0.3;2.28;-1.32;0;0;0;NaN;NaN;NaN;NaN;NaN
10/23/2018 8:43:40 AM;58;-0.3;2.28;-1.32;0;0;0;NaN;NaN;NaN;NaN;NaN
10/23/2018 8:43:40 AM;57;-0.3;2.28;-1.32;0;0;0;NaN;NaN;NaN;NaN;NaN
10/23/2018 8:43:40 AM;59;-0.3;2.28;-1.32;0;0;0;NaN;NaN;NaN;NaN;NaN
10/23/2018 8:43:40 AM;61;-0.3;2.28;-1.32;0;0;0;NaN;NaN;NaN;NaN;NaN
10/23/2018 8:43:40 AM;59;-0.3;2.28;-1.32;0;0;0;NaN;NaN;NaN;NaN;NaN
10/23/2018 8:43:40 AM;59;-0.3;2.28;-1.32;0;0;0;NaN;NaN;NaN;NaN;NaN
10/23/2018 8:43:40 AM;59;-0.3;2.28;-1.32;0;0;0;NaN;NaN;NaN;NaN;NaN
10/23/2018 8:43:40 AM;58;-0.3;2.28;-1.32;0;0;0;NaN;NaN;NaN;NaN;NaN
10/23/2018 8:43:40 AM;59;-0.3;2.28;-1.32;0;0;0;NaN;NaN;NaN;NaN;NaN
10/23/2018 8:43:40 AM;59;-0.3;2.28;-1.32;0;0;0;NaN;NaN;NaN;NaN;NaN
10/23/2018 8:43:40 AM;60;-0.3;2.28;-1.32;0;0;0;NaN;NaN;NaN;NaN;NaN
10/23/2018 8:43:41 AM;59;-0.3;2.28;-1.32;0;0;0;NaN;NaN;NaN;NaN;NaN
10/23/2018 8:43:41 AM;59;-0.3;2.28;-1.32;0;0;0;NaN;NaN;NaN;NaN;NaN
10/23/2018 8:43:41 AM;59;-0.3;2.28;-1.32;0;0;0;NaN;NaN;NaN;NaN;NaN
10/23/2018 8:43:41 AM;57;-0.3;2.28;-1.32;0;0;0;NaN;NaN;NaN;NaN;NaN
10/23/2018 8:43:41 AM;9;-0.3;2.28;-1.32;0;0;0;NaN;NaN;NaN;NaN;NaN
10/23/2018 8:43:41 AM;58;-0.3;2.28;-1.32;0;0;0;NaN;NaN;NaN;NaN;NaN
10/23/2018 8:43:41 AM;59;-0.3;2.28;-1.32;0;0;0;NaN;NaN;NaN;NaN;NaN
10/23/2018 8:43:41 AM;60;-0.3;2.28;-1.32;0;0;0;NaN;NaN;NaN;NaN;NaN
10/23/2018 8:43:41 AM;59;-0.3;2.28;-1.32;0;0;0;NaN;NaN;NaN;NaN;NaN
10/23/2018 8:43:41 AM;59;-0.3;2.28;-1.32;0;0;0;NaN;NaN;NaN;NaN;NaN
10/23/2018 8:43:41 AM;59;-0.3;2.28;-1.32;0;0;0;NaN;NaN;NaN;NaN;NaN
10/23/2018 8:43:41 AM;59;-0.3;2.28;-1.32;0;0;0;NaN;NaN;NaN;NaN;NaN
10/23/2018 8:43:41 AM;58;-0.3;2.28;-1.32;0;0;0;NaN;NaN;NaN;NaN;NaN
10/23/2018 8:43:41 AM;59;-0.3;2.28;-1.32;0;0;0;NaN;NaN;NaN;NaN;NaN
10/23/2018 8:43:41 AM;59;-0.3;2.28;-1.32;0;0;0;NaN;NaN;NaN;NaN;NaN
10/23/2018 8:43:41 AM;59;-0.3;2.28;-1.32;0;0;0;NaN;NaN;NaN;NaN;NaN
10/23/2018 8:43:41 AM;57;-0.3;2.28;-1.32;0;0;0;NaN;NaN;NaN;NaN;NaN
10/23/2018 8:43:41 AM;61;-0.3;2.28;-1.32;0;0;0;NaN;NaN;NaN;NaN;NaN
10/23/2018 8:43:41 AM;57;-0.3;2.28;-1.32;0;0;0;NaN;NaN;NaN;NaN;NaN
10/23/2018 8:43:41 AM;60;-0.3;2.28;-1.32;0;0;0;NaN;NaN;NaN;NaN;NaN
10/23/2018 8:43:41 AM;57;-0.3;2.28;-1.32;0;0;0;NaN;NaN;NaN;NaN;NaN
10/23/2018 8:43:41 AM;60;-0.3;2.28;-1.32;0;0;0;NaN;NaN;NaN;NaN;NaN
10/23/2018 8:43:41 AM;60;-0.3;2.28;-1.32;0;0;0;NaN;NaN;NaN;NaN;NaN
10/23/2018 8:43:41 AM;26;-0.3;2.28;-1.32;0;0;0;NaN;NaN;NaN;NaN;NaN
10/23/2018 8:43:41 AM;53;-0.3;2.28;-1.32;0;0;0;NaN;NaN;NaN;NaN;NaN
10/23/2018 8:43:41 AM;58;-0.3;2.28;-1.32;0;0;0;NaN;NaN;NaN;NaN;NaN
10/23/2018 8:43:41 AM;60;-0.3;2.28;-1.32;0;0;0;NaN;NaN;NaN;NaN;NaN
10/23/2018 8:43:41 AM;58;-0.3;2.28;-1.32;0;0;0;NaN;NaN;NaN;NaN;NaN
10/23/2018 8:43:41 AM;59;-0.3;2.28;-1.32;0;0;0;NaN;NaN;NaN;NaN;NaN
10/23/2018 8:43:41 AM;60;-0.3;2.28;-1.32;0;0;0;NaN;NaN;NaN;NaN;NaN
10/23/2018 8:43:41 AM;58;-0.3;2.28;-1.32;0;0;0;NaN;NaN;NaN;NaN;NaN
10/23/2018 8:43:41 AM;60;-0.3;2.28;-1.32;0;0;0;NaN;NaN;NaN;NaN;NaN
10/23/2018 8:43:41 AM;59;-0.3;2.28;-1.32;0;0;0;NaN;NaN;NaN;NaN;NaN
10/23/2018 8:43:41 AM;58;-0.3;2.28;-1.32;0;0;0;NaN;NaN;NaN;NaN;NaN
10/23/2018 8:43:41 AM;60;-0.3;2.28;-1.32;0;0;0;NaN;NaN;NaN;NaN;NaN
10/23/2018 8:43:41 AM;56;-0.3;2.28;-1.32;0;0;0;NaN;NaN;NaN;NaN;NaN
10/23/2018 8:43:41 AM;62;-0.3;2.28;-1.32;0;0;0;NaN;NaN;NaN;NaN;NaN
10/23/2018 8:43:41 AM;58;-0.3;2.28;-1.32;0;0;0;NaN;NaN;NaN;NaN;NaN
10/23/2018 8:43:41 AM;59;-0.3;2.28;-1.32;0;0;0;NaN;NaN;NaN;NaN;NaN
10/23/2018 8:43:41 AM;59;-0.3;2.28;-1.32;0;0;0;NaN;NaN;NaN;NaN;NaN
10/23/2018 8:43:41 AM;59;-0.3;2.28;-1.32;0;0;0;NaN;NaN;NaN;NaN;NaN
10/23/2018 8:43:41 AM;60;-0.3;2.28;-1.32;0;0;0;NaN;NaN;NaN;NaN;NaN
10/23/2018 8:43:41 AM;57;-0.3;2.28;-1.32;0;0;0;NaN;NaN;NaN;NaN;NaN
10/23/2018 8:43:41 AM;59;-0.3;2.28;-1.32;0;0;0;NaN;NaN;NaN;NaN;NaN
10/23/2018 8:43:41 AM;61;-0.3;2.28;-1.32;0;0;0;NaN;NaN;NaN;NaN;NaN
10/23/2018 8:43:41 AM;57;-0.3;2.28;-1.32;0;0;0;NaN;NaN;NaN;NaN;NaN
10/23/2018 8:43:41 AM;60;-0.3;2.28;-1.32;0;0;0;NaN;NaN;NaN;NaN;NaN
10/23/2018 8:43:41 AM;59;-0.3;2.28;-1.32;0;0;0;NaN;NaN;NaN;NaN;NaN
10/23/2018 8:43:41 AM;59;-0.3;2.28;-1.32;0;0;0;NaN;NaN;NaN;NaN;NaN
10/23/2018 8:43:41 AM;59;-0.3;2.28;-1.32;0;0;0;NaN;NaN;NaN;NaN;NaN
10/23/2018 8:43:41 AM;48;-0.3;2.28;-1.32;0;0;0;NaN;NaN;NaN;NaN;NaN
10/23/2018 8:43:41 AM;59;-0.3;2.28;-1.32;0;0;0;NaN;NaN;NaN;NaN;NaN
10/23/2018 8:43:42 AM;57;-0.3;2.28;-1.32;0;0;0;NaN;NaN;NaN;NaN;NaN
10/23/2018 8:43:42 AM;59;-0.3;2.28;-1.32;0;0;0;NaN;NaN;NaN;NaN;NaN
10/23/2018 8:43:42 AM;60;-0.3;2.28;-1.32;0;0;0;NaN;NaN;NaN;NaN;NaN
10/23/2018 8:43:42 AM;59;-0.3;2.28;-1.32;0;0;0;NaN;NaN;NaN;NaN;NaN
10/23/2018 8:43:42 AM;57;-0.3;2.28;-1.32;0;0;0;NaN;NaN;NaN;NaN;NaN
10/23/2018 8:43:42 AM;61;-0.3;2.28;-1.32;0;0;0;NaN;NaN;NaN;NaN;NaN
10/23/2018 8:43:42 AM;59;-0.3;2.28;-1.32;0;0;0;NaN;NaN;NaN;NaN;NaN
10/23/2018 8:43:42 AM;59;-0.3;2.28;-1.32;0;0;0;NaN;NaN;NaN;NaN;NaN
10/23/2018 8:43:42 AM;59;-0.3;2.28;-1.32;0;0;0;NaN;NaN;NaN;NaN;NaN
10/23/2018 8:43:42 AM;58;-0.3;2.28;-1.32;0;0;0;NaN;NaN;NaN;NaN;NaN
10/23/2018 8:43:42 AM;57;-0.3;2.28;-1.32;0;0;0;NaN;NaN;NaN;NaN;NaN
10/23/2018 8:43:42 AM;61;-0.3;2.28;-1.32;0;0;0;NaN;NaN;NaN;NaN;NaN
10/23/2018 8:43:42 AM;59;-0.3;2.28;-1.32;0;0;0;NaN;NaN;NaN;NaN;NaN
10/23/2018 8:43:42 AM;56;-0.3;2.28;-1.32;0;0;0;NaN;NaN;NaN;NaN;NaN
10/23/2018 8:43:42 AM;62;-0.3;2.28;-1.32;0;0;0;NaN;NaN;NaN;NaN;NaN
10/23/2018 8:43:42 AM;59;-0.3;2.28;-1.32;0;0;0;NaN;NaN;NaN;NaN;NaN
10/23/2018 8:43:42 AM;59;-0.3;2.28;-1.32;0;0;0;NaN;NaN;NaN;NaN;NaN
10/23/2018 8:43:42 AM;56;-0.3;2.28;-1.32;0;0;0;NaN;NaN;NaN;NaN;NaN
10/23/2018 8:43:42 AM;61;-0.3;2.28;-1.32;0;0;0;NaN;NaN;NaN;NaN;NaN
10/23/2018 8:43:42 AM;58;-0.3;2.28;-1.32;0;0;0;NaN;NaN;NaN;NaN;NaN
10/23/2018 8:43:42 AM;59;-0.3;2.28;-1.32;0;0;0;NaN;NaN;NaN;NaN;NaN
10/23/2018 8:43:42 AM;60;-0.3;2.28;-1.32;0;0;0;NaN;NaN;NaN;NaN;NaN
10/23/2018 8:43:42 AM;57;-0.3;2.28;-1.32;0;0;0;NaN;NaN;NaN;NaN;NaN
10/23/2018 8:43:42 AM;61;-0.3;2.28;-1.32;0;0;0;NaN;NaN;NaN;NaN;NaN
10/23/2018 8:43:42 AM;25;-0.3;2.28;-1.32;0;0;0;NaN;NaN;NaN;NaN;NaN
10/23/2018 8:43:42 AM;50;-0.3;2.28;-1.32;0;0;0;NaN;NaN;NaN;NaN;NaN
10/23/2018 8:43:42 AM;59;-0.3;2.28;-1.32;0;0;0;NaN;NaN;NaN;NaN;NaN
10/23/2018 8:43:42 AM;59;-0.3;2.28;-1.32;0;0;0;NaN;NaN;NaN;NaN;NaN
10/23/2018 8:43:42 AM;57;-0.3;2.28;-1.32;0;0;0;NaN;NaN;NaN;NaN;NaN
10/23/2018 8:43:42 AM;59;-0.3;2.28;-1.32;0;0;0;NaN;NaN;NaN;NaN;NaN
10/23/2018 8:43:42 AM;60;-0.3;2.28;-1.32;0;0;0;NaN;NaN;NaN;NaN;NaN
10/23/2018 8:43:42 AM;58;-0.3;2.28;-1.32;0;0;0;NaN;NaN;NaN;NaN;NaN
10/23/2018 8:43:42 AM;57;-0.3;2.28;-1.32;0;0;0;NaN;NaN;NaN;NaN;NaN
10/23/2018 8:43:42 AM;61;-0.3;2.28;-1.32;0;0;0;NaN;NaN;NaN;NaN;NaN
10/23/2018 8:43:42 AM;60;-0.3;2.28;-1.32;0;0;0;NaN;NaN;NaN;NaN;NaN
10/23/2018 8:43:42 AM;59;-0.3;2.28;-1.32;0;0;0;NaN;NaN;NaN;NaN;NaN
10/23/2018 8:43:42 AM;59;-0.3;2.28;-1.32;0;0;0;NaN;NaN;NaN;NaN;NaN
10/23/2018 8:43:42 AM;59;-0.3;2.28;-1.32;0;0;0;NaN;NaN;NaN;NaN;NaN
10/23/2018 8:43:42 AM;59;-0.3;2.28;-1.32;0;0;0;NaN;NaN;NaN;NaN;NaN
10/23/2018 8:43:42 AM;57;-0.3;2.28;-1.32;0;0;0;NaN;NaN;NaN;NaN;NaN
10/23/2018 8:43:42 AM;60;-0.3;2.28;-1.32;0;0;0;NaN;NaN;NaN;NaN;NaN
10/23/2018 8:43:42 AM;59;-0.3;2.28;-1.32;0;0;0;NaN;NaN;NaN;NaN;NaN
10/23/2018 8:43:42 AM;59;-0.3;2.28;-1.32;0;0;0;NaN;NaN;NaN;NaN;NaN
10/23/2018 8:43:42 AM;59;-0.3;2.28;-1.32;0;0;0;NaN;NaN;NaN;NaN;NaN
10/23/2018 8:43:42 AM;59;-0.3;2.28;-1.32;0;0;0;NaN;NaN;NaN;NaN;NaN
10/23/2018 8:43:42 AM;58;-0.3;2.28;-1.32;0;0;0;NaN;NaN;NaN;NaN;NaN
10/23/2018 8:43:42 AM;59;-0.3;2.28;-1.32;0;0;0;NaN;NaN;NaN;NaN;NaN
10/23/2018 8:43:42 AM;59;-0.3;2.28;-1.32;0;0;0;NaN;NaN;NaN;NaN;NaN
10/23/2018 8:43:42 AM;59;-0.3;2.28;-1.32;0;0;0;NaN;NaN;NaN;NaN;NaN
10/23/2018 8:43:42 AM;56;-0.3;2.28;-1.32;0;0;0;NaN;NaN;NaN;NaN;NaN
10/23/2018 8:43:42 AM;58;-0.3;2.28;-1.32;0;0;0;NaN;NaN;NaN;NaN;NaN
10/23/2018 8:43:42 AM;62;-0.3;2.28;-1.32;0;0;0;NaN;NaN;NaN;NaN;NaN
10/23/2018 8:43:42 AM;59;-0.3;2.28;-1.32;0;0;0;NaN;NaN;NaN;NaN;NaN
10/23/2018 8:43:42 AM;59;-0.3;2.28;-1.32;0;0;0;NaN;NaN;NaN;NaN;NaN
10/23/2018 8:43:42 AM;57;-0.3;2.28;-1.32;0;0;0;NaN;NaN;NaN;NaN;NaN
10/23/2018 8:43:42 AM;61;-0.3;2.28;-1.32;0;0;0;NaN;NaN;NaN;NaN;NaN
10/23/2018 8:43:42 AM;56;-0.3;2.28;-1.32;0;0;0;NaN;NaN;NaN;NaN;NaN
10/23/2018 8:43:42 AM;47;-0.3;2.28;-1.32;0;0;0;NaN;NaN;NaN;NaN;NaN
10/23/2018 8:43:43 AM;59;-0.3;2.28;-1.32;0;0;0;NaN;NaN;NaN;NaN;NaN
10/23/2018 8:43:43 AM;58;-0.3;2.28;-1.32;0;0;0;NaN;NaN;NaN;NaN;NaN
10/23/2018 8:43:43 AM;59;-0.3;2.28;-1.32;0;0;0;NaN;NaN;NaN;NaN;NaN
10/23/2018 8:43:43 AM;60;-0.3;2.28;-1.32;0;0;0;NaN;NaN;NaN;NaN;NaN
10/23/2018 8:43:43 AM;59;-0.3;2.28;-1.32;0;0;0;NaN;NaN;NaN;NaN;NaN
10/23/2018 8:43:43 AM;59;-0.3;2.28;-1.32;0;0;0;NaN;NaN;NaN;NaN;NaN
10/23/2018 8:43:43 AM;59;-0.3;2.28;-1.32;0;0;0;NaN;NaN;NaN;NaN;NaN
10/23/2018 8:43:43 AM;59;-0.3;2.28;-1.32;0;0;0;NaN;NaN;NaN;NaN;NaN
10/23/2018 8:43:43 AM;59;-0.3;2.28;-1.32;0;0;0;NaN;NaN;NaN;NaN;NaN
10/23/2018 8:43:43 AM;59;-0.3;2.28;-1.32;0;0;0;NaN;NaN;NaN;NaN;NaN
10/23/2018 8:43:43 AM;59;-0.3;2.28;-1.32;0;0;0;NaN;NaN;NaN;NaN;NaN
10/23/2018 8:43:43 AM;59;-0.3;2.28;-1.32;0;0;0;NaN;NaN;NaN;NaN;NaN
10/23/2018 8:43:43 AM;57;-0.3;2.28;-1.32;0;0;0;NaN;NaN;NaN;NaN;NaN
10/23/2018 8:43:43 AM;59;-0.3;2.28;-1.32;0;0;0;NaN;NaN;NaN;NaN;NaN
10/23/2018 8:43:43 AM;60;-0.3;2.28;-1.32;0;0;0;NaN;NaN;NaN;NaN;NaN
10/23/2018 8:43:43 AM;59;-0.3;2.28;-1.32;0;0;0;NaN;NaN;NaN;NaN;NaN
10/23/2018 8:43:43 AM;57;-0.3;2.28;-1.32;0;0;0;NaN;NaN;NaN;NaN;NaN
10/23/2018 8:43:43 AM;60;-0.3;2.28;-1.32;0;0;0;NaN;NaN;NaN;NaN;NaN
10/23/2018 8:43:43 AM;59;-0.3;2.28;-1.32;0;0;0;NaN;NaN;NaN;NaN;NaN
10/23/2018 8:43:43 AM;27;-0.3;2.28;-1.32;0;0;0;NaN;NaN;NaN;NaN;NaN
10/23/2018 8:43:43 AM;58;-0.3;2.28;-1.32;0;0;0;NaN;NaN;NaN;NaN;NaN
10/23/2018 8:43:43 AM;59;-0.3;2.28;-1.32;0;0;0;NaN;NaN;NaN;NaN;NaN
10/23/2018 8:43:43 AM;59;-0.3;2.28;-1.32;0;0;0;NaN;NaN;NaN;NaN;NaN
10/23/2018 8:43:43 AM;59;-0.3;2.28;-1.32;0;0;0;NaN;NaN;NaN;NaN;NaN
10/23/2018 8:43:43 AM;59;-0.3;2.28;-1.32;0;0;0;NaN;NaN;NaN;NaN;NaN
10/23/2018 8:43:43 AM;59;-0.3;2.28;-1.32;0;0;0;NaN;NaN;NaN;NaN;NaN
10/23/2018 8:43:43 AM;57;-0.3;2.28;-1.32;0;0;0;NaN;NaN;NaN;NaN;NaN
10/23/2018 8:43:43 AM;59;-0.3;2.28;-1.32;0;0;0;NaN;NaN;NaN;NaN;NaN
10/23/2018 8:43:43 AM;60;-0.3;2.28;-1.32;0;0;0;NaN;NaN;NaN;NaN;NaN
10/23/2018 8:43:43 AM;57;-0.3;2.28;-1.32;0;0;0;NaN;NaN;NaN;NaN;NaN
10/23/2018 8:43:43 AM;61;-0.3;2.28;-1.32;0;0;0;NaN;NaN;NaN;NaN;NaN
10/23/2018 8:43:43 AM;58;-0.3;2.28;-1.32;0;0;0;NaN;NaN;NaN;NaN;NaN
10/23/2018 8:43:43 AM;59;-0.3;2.28;-1.32;0;0;0;NaN;NaN;NaN;NaN;NaN
10/23/2018 8:43:43 AM;58;-0.3;2.28;-1.32;0;0;0;NaN;NaN;NaN;NaN;NaN
10/23/2018 8:43:43 AM;60;-0.3;2.28;-1.32;0;0;0;NaN;NaN;NaN;NaN;NaN
10/23/2018 8:43:43 AM;59;-0.3;2.28;-1.32;0;0;0;NaN;NaN;NaN;NaN;NaN
10/23/2018 8:43:43 AM;59;-0.3;2.28;-1.32;0;0;0;NaN;NaN;NaN;NaN;NaN
10/23/2018 8:43:43 AM;59;-0.3;2.28;-1.32;0;0;0;NaN;NaN;NaN;NaN;NaN
10/23/2018 8:43:43 AM;59;-0.3;2.28;-1.32;0;0;0;NaN;NaN;NaN;NaN;NaN
10/23/2018 8:43:43 AM;59;-0.3;2.28;-1.32;0;0;0;NaN;NaN;NaN;NaN;NaN
10/23/2018 8:43:43 AM;58;-0.3;2.28;-1.32;0;0;0;NaN;NaN;NaN;NaN;NaN
10/23/2018 8:43:43 AM;60;-0.3;2.28;-1.32;0;0;0;NaN;NaN;NaN;NaN;NaN
10/23/2018 8:43:43 AM;57;-0.3;2.28;-1.32;0;0;0;NaN;NaN;NaN;NaN;NaN
10/23/2018 8:43:43 AM;60;-0.3;2.28;-1.32;0;0;0;NaN;NaN;NaN;NaN;NaN
10/23/2018 8:43:43 AM;59;-0.3;2.28;-1.32;0;0;0;NaN;NaN;NaN;NaN;NaN
10/23/2018 8:43:43 AM;59;-0.3;2.28;-1.32;0;0;0;NaN;NaN;NaN;NaN;NaN
10/23/2018 8:43:43 AM;59;-0.3;2.28;-1.32;0;0;0;NaN;NaN;NaN;NaN;NaN
10/23/2018 8:43:43 AM;58;-0.3;2.28;-1.32;0;0;0;NaN;NaN;NaN;NaN;NaN
10/23/2018 8:43:43 AM;60;-0.3;2.28;-1.32;0;0;0;NaN;NaN;NaN;NaN;NaN
10/23/2018 8:43:43 AM;57;-0.3;2.28;-1.32;0;0;0;NaN;NaN;NaN;NaN;NaN
10/23/2018 8:43:43 AM;60;-0.3;2.28;-1.32;0;0;0;NaN;NaN;NaN;NaN;NaN
10/23/2018 8:43:43 AM;59;-0.3;2.28;-1.32;0;0;0;NaN;NaN;NaN;NaN;NaN
10/23/2018 8:43:43 AM;59;-0.3;2.28;-1.32;0;0;0;NaN;NaN;NaN;NaN;NaN
10/23/2018 8:43:43 AM;59;-0.3;2.28;-1.32;0;0;0;NaN;NaN;NaN;NaN;NaN
10/23/2018 8:43:43 AM;58;-0.3;2.28;-1.32;0;0;0;NaN;NaN;NaN;NaN;NaN
10/23/2018 8:43:43 AM;60;-0.3;2.28;-1.32;0;0;0;NaN;NaN;NaN;NaN;NaN
10/23/2018 8:43:43 AM;59;-0.3;2.28;-1.32;0;0;0;NaN;NaN;NaN;NaN;NaN
10/23/2018 8:43:43 AM;58;-0.3;2.28;-1.32;0;0;0;NaN;NaN;NaN;NaN;NaN
10/23/2018 8:43:44 AM;58;-0.3;2.28;-1.32;0;0;0;NaN;NaN;NaN;NaN;NaN
10/23/2018 8:43:44 AM;60;-0.3;2.28;-1.32;0;0;0;NaN;NaN;NaN;NaN;NaN
10/23/2018 8:43:44 AM;59;-0.3;2.28;-1.32;0;0;0;NaN;NaN;NaN;NaN;NaN
10/23/2018 8:43:44 AM;58;-0.3;2.28;-1.32;0;0;0;NaN;NaN;NaN;NaN;NaN
10/23/2018 8:43:44 AM;60;-0.3;2.28;-1.32;0;0;0;NaN;NaN;NaN;NaN;NaN
10/23/2018 8:43:44 AM;42;-0.3;2.28;-1.32;0;0;0;NaN;NaN;NaN;NaN;NaN
10/23/2018 8:43:44 AM;59;-0.3;2.28;-1.32;0;0;0;NaN;NaN;NaN;NaN;NaN
10/23/2018 8:43:44 AM;59;-0.3;2.28;-1.32;0;0;0;NaN;NaN;NaN;NaN;NaN
10/23/2018 8:43:44 AM;59;-0.3;2.28;-1.32;0;0;0;NaN;NaN;NaN;NaN;NaN
10/23/2018 8:43:44 AM;57;-0.3;2.28;-1.32;0;0;0;NaN;NaN;NaN;NaN;NaN
10/23/2018 8:43:44 AM;61;-0.3;2.28;-1.32;0;0;0;NaN;NaN;NaN;NaN;NaN
10/23/2018 8:43:44 AM;58;-0.3;2.28;-1.32;0;0;0;NaN;NaN;NaN;NaN;NaN
10/23/2018 8:43:44 AM;59;-0.3;2.28;-1.32;0;0;0;NaN;NaN;NaN;NaN;NaN
10/23/2018 8:43:44 AM;59;-0.3;2.28;-1.32;0;0;0;NaN;NaN;NaN;NaN;NaN
10/23/2018 8:43:44 AM;59;-0.3;2.28;-1.32;0;0;0;NaN;NaN;NaN;NaN;NaN
10/23/2018 8:43:44 AM;59;-0.3;2.28;-1.32;0;0;0;NaN;NaN;NaN;NaN;NaN
10/23/2018 8:43:44 AM;58;-0.3;2.28;-1.32;0;0;0;NaN;NaN;NaN;NaN;NaN
10/23/2018 8:43:44 AM;60;-0.3;2.28;-1.32;0;0;0;NaN;NaN;NaN;NaN;NaN
10/23/2018 8:43:44 AM;59;-0.3;2.28;-1.32;0;0;0;NaN;NaN;NaN;NaN;NaN
10/23/2018 8:43:44 AM;57;-0.3;2.28;-1.32;0;0;0;NaN;NaN;NaN;NaN;NaN
10/23/2018 8:43:44 AM;59;-0.3;2.28;-1.32;0;0;0;NaN;NaN;NaN;NaN;NaN
10/23/2018 8:43:44 AM;58;-0.3;2.28;-1.32;0;0;0;NaN;NaN;NaN;NaN;NaN
10/23/2018 8:43:44 AM;58;-0.3;2.28;-1.32;0;0;0;NaN;NaN;NaN;NaN;NaN
10/23/2018 8:43:44 AM;26;-0.3;2.28;-1.32;0;0;0;NaN;NaN;NaN;NaN;NaN
10/23/2018 8:43:44 AM;49;-0.3;2.28;-1.32;0;0;0;NaN;NaN;NaN;NaN;NaN
10/23/2018 8:43:44 AM;59;-0.3;2.28;-1.32;0;0;0;NaN;NaN;NaN;NaN;NaN
10/23/2018 8:43:44 AM;59;-0.3;2.28;-1.32;0;0;0;NaN;NaN;NaN;NaN;NaN
10/23/2018 8:43:44 AM;59;-0.3;2.28;-1.32;0;0;0;NaN;NaN;NaN;NaN;NaN
10/23/2018 8:43:44 AM;58;-0.3;2.28;-1.32;0;0;0;NaN;NaN;NaN;NaN;NaN
10/23/2018 8:43:44 AM;60;-0.3;2.28;-1.32;0;0;0;NaN;NaN;NaN;NaN;NaN
10/23/2018 8:43:44 AM;59;-0.3;2.28;-1.32;0;0;0;NaN;NaN;NaN;NaN;NaN
10/23/2018 8:43:44 AM;59;-0.3;2.28;-1.32;0;0;0;NaN;NaN;NaN;NaN;NaN
10/23/2018 8:43:44 AM;58;-0.3;2.28;-1.32;0;0;0;NaN;NaN;NaN;NaN;NaN
10/23/2018 8:43:44 AM;60;-0.3;2.28;-1.32;0;0;0;NaN;NaN;NaN;NaN;NaN
10/23/2018 8:43:44 AM;59;-0.3;2.28;-1.32;0;0;0;NaN;NaN;NaN;NaN;NaN
10/23/2018 8:43:44 AM;58;-0.3;2.28;-1.32;0;0;0;NaN;NaN;NaN;NaN;NaN
10/23/2018 8:43:44 AM;59;-0.3;2.28;-1.32;0;0;0;NaN;NaN;NaN;NaN;NaN
10/23/2018 8:43:44 AM;60;-0.3;2.28;-1.32;0;0;0;NaN;NaN;NaN;NaN;NaN
10/23/2018 8:43:44 AM;59;-0.3;2.28;-1.32;0;0;0;NaN;NaN;NaN;NaN;NaN
10/23/2018 8:43:44 AM;57;-0.3;2.28;-1.32;0;0;0;NaN;NaN;NaN;NaN;NaN
10/23/2018 8:43:44 AM;59;-0.3;2.28;-1.32;0;0;0;NaN;NaN;NaN;NaN;NaN
10/23/2018 8:43:44 AM;60;-0.3;2.28;-1.32;0;0;0;NaN;NaN;NaN;NaN;NaN
10/23/2018 8:43:44 AM;59;-0.3;2.28;-1.32;0;0;0;NaN;NaN;NaN;NaN;NaN
10/23/2018 8:43:44 AM;59;-0.3;2.28;-1.32;0;0;0;NaN;NaN;NaN;NaN;NaN
10/23/2018 8:43:44 AM;59;-0.3;2.28;-1.32;0;0;0;NaN;NaN;NaN;NaN;NaN
10/23/2018 8:43:44 AM;57;-0.3;2.28;-1.32;0;0;0;NaN;NaN;NaN;NaN;NaN
10/23/2018 8:43:44 AM;59;-0.3;2.28;-1.32;0;0;0;NaN;NaN;NaN;NaN;NaN
10/23/2018 8:43:44 AM;62;-0.3;2.28;-1.32;0;0;0;NaN;NaN;NaN;NaN;NaN
10/23/2018 8:43:44 AM;58;-0.3;2.28;-1.32;0;0;0;NaN;NaN;NaN;NaN;NaN
10/23/2018 8:43:44 AM;59;-0.3;2.28;-1.32;0;0;0;NaN;NaN;NaN;NaN;NaN
10/23/2018 8:43:44 AM;57;-0.3;2.28;-1.32;0;0;0;NaN;NaN;NaN;NaN;NaN
10/23/2018 8:43:44 AM;61;-0.3;2.28;-1.32;0;0;0;NaN;NaN;NaN;NaN;NaN
10/23/2018 8:43:44 AM;59;-0.3;2.28;-1.32;0;0;0;NaN;NaN;NaN;NaN;NaN
10/23/2018 8:43:44 AM;59;-0.3;2.28;-1.32;0;0;0;NaN;NaN;NaN;NaN;NaN
10/23/2018 8:43:44 AM;58;-0.3;2.28;-1.32;0;0;0;NaN;NaN;NaN;NaN;NaN
10/23/2018 8:43:44 AM;60;-0.3;2.28;-1.32;0;0;0;NaN;NaN;NaN;NaN;NaN
10/23/2018 8:43:44 AM;58;-0.3;2.28;-1.32;0;0;0;NaN;NaN;NaN;NaN;NaN
10/23/2018 8:43:44 AM;60;-0.3;2.28;-1.32;0;0;0;NaN;NaN;NaN;NaN;NaN
10/23/2018 8:43:45 AM;59;-0.3;2.28;-1.32;0;0;0;NaN;NaN;NaN;NaN;NaN
10/23/2018 8:43:45 AM;58;-0.3;2.28;-1.32;0;0;0;NaN;NaN;NaN;NaN;NaN
